EName,OrgName,ERoom,Day,ETime,StudentNetID
Jayo Workshops,Innojam,HH Lecture Hall,2023-11-12,10:30 AM,BXB944026
Rhyloo Parties,Youtagses,JO4.614,2023-11-17,12:51 PM,EXB168130
Gigashots Workshopping,Camidon,Student Union,2023-09-13,1:53 PM,DXL334704
Trupe Meet and Greet with Guest,Kayveo,SCI Courtyard,2023-09-24,10:25 AM,MXB239442
Gigazoom Meet and Greet with Guest,Tagchat,JO4.614,2023-10-03,5:01 PM,BXD223957
Pixope Meet and Greet with Guest,Thoughtstormed,JO4.614,2023-12-08,5:57 PM,PXH789647
Fliptune Fundraiser,Edgeclub,ECSW1.315,2023-08-24,11:55 AM,LXS235638
Skimia Social 1,Zooxox,Student Union,2023-10-16,10:07 AM,GXJ282939
Yata Meet and Greet with Guest,Oozz,SCI,2023-11-03,7:10 PM,KXJ476841
Photofeed Meet and Greet with Guests,Pixopen,SCI,2023-08-31,10:10 AM,ZXV597920
Flashset Fundraiser,Skipstorm,Northside,2023-11-23,3:25 PM,NXH302149
Blogtags Workshop,Tazz,ECSW1.315,2023-10-08,10:16 AM,RXC757028
Riffpath Party,Zoombeat,JO4.614,2023-09-15,1:08 PM,KXD110423
Skiba Social 1,Tagopia,Student Union,2023-09-07,3:01 PM,BXM161981
Fanoodle Social 1,Miboo,HH Lecture Hall,2023-10-27,7:33 PM,AXT219509
Skipfire Meet and Greet with Guest,Bluejam,HH Lecture Hall,2023-11-17,6:23 PM,GXK252314
Gigashots Social 10,Fivebridge,HH Lecture Hall,2023-09-09,1:38 PM,EXS514635
Jayo Workshop 5,Riffpedia,SCI Courtyard,2023-10-25,6:26 PM,SXH532767
Viva Social 1,Babbleblab,HH Lecture Hall,2023-09-14,5:40 PM,SXR380779
Riffpath Meet and Greet with Guest 3,Cogidoon,JO4.614,2023-10-20,4:29 PM,CXS525507
Browsetype Fundraiser,Gabvines,JO4.614,2023-09-27,2:10 PM,BXP649222
Zooxo Social 10,Avavee,Northside,2023-10-11,10:13 AM,EXC789142
Eire Bash,Trunyx,SCI Courtyard,2023-11-18,11:15 AM,IXC579370
Katz Social 10,Quatz Club,Student Union,2023-08-24,1:10 PM,DXW614719
Linkbridge Social 2,Pixonyx,JO4.614,2023-08-29,4:30 PM,CXJ959207
Zooxo Social 11,Leexo,HH Lecture Hall,2023-10-25,10:10 AM,SXW691502
Jazzy Bash,Topicware,Student Union,2023-10-08,6:40 PM,WXA377455
Eire Fundraiser,Shufflesters,HH Lecture Hall,2023-08-25,2:58 PM,LXL298296
Yodo Social 4,Demivee,ECSW1.315,2023-11-03,7:18 PM,CXR643131
Edgeblab Workshop 4,Jatri,SCI,2023-12-01,12:32 PM,FXA360953
Thoughtstorm Bash 1,Yadel,Northside,2023-10-13,4:53 PM,SXH505233
Jabbertype Social 4,Buzzster,Student Union,2023-12-09,11:49 AM,LXB665790
Bubblemix Party,Kwilith,Student Union,2023-11-05,1:51 PM,AXC783422
Cogidoo Social 2,Babbleset,Student Union,2023-11-29,12:24 PM,JXR759251
Oyoyo Fundraiser 5,Fatz,SCI,2023-09-20,2:44 PM,RXG589185
Eamia Party 1,Dabshot,ECSW1.315,2023-10-31,5:13 PM,LXS782562
Pixonyx Bash,Yato,SCI,2023-10-17,10:45 AM,TXW488759
Realfire Party 7,Fatzx,Northside,2023-11-04,6:39 PM,PXP438016
Twitterbridge Meet and Greet with Guest,Youspanz,SCI Courtyard,2023-09-24,5:05 PM,EXF711704
Avamba Fundraiser,Skinte,Northside,2023-10-04,11:29 AM,AXV468935
Fatz Fundraiser,Jaloo,Student Union,2023-09-27,11:23 AM,LXK247687
Tagpad Social 2,Roombobo,JO4.614,2023-10-24,11:30 AM,EXW987153
Mynte Bash,Quatz,ECSW1.315,2023-11-05,2:58 PM,VXS823211
Quaxo Social 7,Skiptubes,SCI Courtyard,2023-08-30,10:32 AM,DXF816947
Skyndu Fundraiser 7,Cogidoo,ECSW1.315,2023-11-02,11:18 AM,CXB475840
LiveZ Bash,Thoughtmix,ECSW1.315,2023-11-19,12:45 PM,SXE333205
Ozu Meet and Greet with Guest,Flipstorm,HH Lecture Hall,2023-10-18,4:17 PM,RXS463532
Mynte Meet and Greet with Guest 7,Gigashot,HH Lecture Hall,2023-11-05,6:08 PM,LXS126495
Plajo Social 2,Devshare,SCI Courtyard,2023-10-08,5:20 PM,AXC163560
Yodo Meet and Greet with Guest 7,Fanoodle,Northside,2023-08-27,7:34 PM,PXG894895
Youspan Workshop 7,Avambam,SCI Courtyard,2023-10-21,7:02 PM,SXS383996
Yombu Social 1,Shufflester,HH Lecture Hall,2023-10-08,4:28 PM,GXB440680
Jabbersphere Workshop,Kare,Student Union,2023-10-22,6:30 PM,GXM298236
Realfire Social 2,Yakidoo,JO4.614,2023-11-04,2:37 PM,TXR307629
Zooxo Meet and Greet with Guest 7,Yakijo,SCI,2023-11-15,4:44 PM,AXP641886
Oozz Fundraiser,Agivu,ECSW1.315,2023-09-28,5:56 PM,WXD563710
Trunyx Party 7,Youspans,HH Lecture Hall,2023-12-01,3:24 PM,HXL100382
Yozio Bash,Babbleopia,Student Union,2023-12-07,10:49 AM,FXT487074
Quire Meet and Greet with Guest 7,Kazion,SCI,2023-10-01,10:22 AM,AXE310073
Mudo Workshop,Wikizz,SCI,2023-12-03,6:30 PM,LXS744697
Tagpad Party,Dabvine,Student Union,2023-09-14,5:29 PM,MXL209597
Zoombeat Social 2,Katzx,HH Lecture Hall,2023-08-28,1:54 PM,MXF661149
Teklist Social 7,Mydeom,Student Union,2023-09-06,7:14 PM,PXA990471
Skyndu Meet and Greet with Guest,Jabberstorm,Student Union,2023-09-11,1:32 PM,PXC193459
Eamia Party,Yodon,SCI,2023-10-12,7:42 PM,GXM350890
Trupe Workshop,Realfire,SCI Courtyard,2023-11-27,5:16 PM,JXG363429
Dabshots Fundraiser,Teklisted,JO4.614,2023-10-03,11:02 AM,CXD912239
Abata Social 2,Yozio,SCI,2023-09-10,5:08 PM,DXS484111
Innojam Workshop 7,Viva,HH Lecture Hall,2023-09-09,4:45 PM,DXR102233
Kaymbo Fundraiser,Youspam,HH Lecture Hall,2023-11-06,6:28 PM,JXL672124
Skipfire Social 7,Photofeed,JO4.614,2023-08-21,6:58 PM,BXR643398
Bubblebox Fundraiser,Zoomlounge,ECSW1.315,2023-09-18,12:36 PM,TXN988907
Jamia Fundraiser,Oodoo,Student Union,2023-09-28,10:21 AM,DXK640794
Skiptube Meet and Greet with Guest,Quired,ECSW1.315,2023-09-10,10:31 AM,AXM407117
Thoughtmix Meet and Greet with Guest,Kat,SCI,2023-09-29,5:11 PM,SXG230470
Gigaclub Fundraiser,Skipfires,HH Lecture Hall,2023-11-23,6:39 PM,WXL693535
Gigashots Bash 7,Roodel,HH Lecture Hall,2023-12-04,5:47 PM,PXE535126
Oyonder Party,Skiptubed,Student Union,2023-10-08,6:07 PM,JXS466829
Zooxo Bash,Rooxo,ECSW1.315,2023-10-25,5:31 PM,YXB144999
Pixonyx Social 1,Gevee,JO4.614,2023-09-28,4:27 PM,GXT442716
Brainlounge Party,Tazzy,Student Union,2023-10-02,1:08 PM,CXV360536
Dabshots Bash,Edgeify,SCI Courtyard,2023-09-06,7:19 PM,JXB345130
Devshare Social 1,Eamiam,SCI Courtyard,2023-10-10,6:28 PM,FXW128407
Tazz Social 2,Rhynoodle,SCI Courtyard,2023-11-19,6:33 PM,LXP583553
Layo Workshop 7,Jabbersphere,Student Union,2023-08-31,11:30 AM,TXK820933
Thoughtstorm Workshop 7,Skimiam,SCI Courtyard,2023-10-14,6:47 PM,JXL460978
Topicware Meet and Greet with Guest,LiveZ,Northside,2023-11-27,11:49 AM,GXK237660
Eamia Social 2,Feedfire,JO4.614,2023-09-27,4:42 PM,RXB880602
Shuffledrive Meet and Greet with Guest 7,Kazio,Student Union,2023-09-21,12:30 PM,DXL442339
Trunyx Social 1,Browsetype,SCI Courtyard,2023-11-08,4:50 PM,CXV448151
Eamia Workshop,Skiba,SCI,2023-08-29,7:32 PM,RXM483484
Skynoodle Party,Quire,Northside,2023-11-19,7:32 PM,EXA616142
Skyndu Fundraiser 12,Voonyx,SCI Courtyard,2023-11-01,1:21 PM,DXH968233
Skinte Party,Zoomzone,SCI,2023-10-18,10:49 AM,CXB163400
Mynte Meet and Greet with Guest 12,Poker Club,ECSW1.315,2023-10-02,10:45 AM,VXB358810
Youspan Workshop 12,Camimbo,SCI,2023-08-30,3:24 PM,HXR119034
Youtags Social 1,Mymm,HH Lecture Hall,2023-09-22,10:49 AM,AXP934506
Jaloo Social 1,Mybuzz,JO4.614,2023-12-01,2:17 PM,GXM814034
Babbleblab Party 12,Golf Club,HH Lecture Hall,2023-09-24,7:26 PM,CXO851913
Kare Party,Youspan,Student Union,2023-10-29,10:15 AM,EXG573052
Mydo Social 2,Youtags,Northside,2023-10-11,5:00 PM,NXH298702
Midel Party,Pixope,ECSW1.315,2023-11-19,6:54 PM,RXM742326
Yombu Meet and Greet with Guest,Aimbu,ECSW1.315,2023-11-01,12:32 PM,NXP112906
Cogidoo Fundraiser 12,Trupe,JO4.614,2023-09-20,3:29 PM,YXC174012
Demivee Workshop,Dabshots,ECSW1.315,2023-09-05,6:08 PM,LXM864814
Demizz Party,Gigashots,ECSW1.315,2023-09-04,5:52 PM,WXR478982
Yodo Meet and Greet with Guest 12,Ntag,Northside,2023-08-27,1:17 PM,KXR869297
Gigaclub Party 12,Digitube,SCI,2023-10-29,4:25 PM,PXS352759
Brainbox Bash,Brainlounge,ECSW1.315,2023-09-10,5:12 PM,GXH301054
Jayo Fundraiser,Aibox,SCI,2023-11-30,3:57 PM,TXL800290
Skiptube Party,Skyndun,SCI,2023-11-23,3:47 PM,SXJ877412
Lazzy Social 12,Linkbridge,Northside,2023-11-09,3:21 PM,RXL780915
Zooxo Social 1,Yacero,ECSW1.315,2023-09-06,6:48 PM,MXI729200
Demizz Meet and Greet with Guest,Flipbug,Northside,2023-11-22,6:50 PM,YXR898394
Topicware Bash,Abata,ECSW1.315,2023-11-13,5:59 PM,PXM737843
Youtags Meet and Greet with Guest 12,Plajo,Northside,2023-10-13,4:57 PM,RXM720583
Zoombeat Workshop,Chatterbridge,SCI Courtyard,2023-11-25,6:49 PM,DXJ539764
Ntag Social 1,Eazzy,SCI Courtyard,2023-09-10,10:46 AM,RXC524911
Cogidoo Meet and Greet with Guest 12,Teklist,SCI Courtyard,2023-09-04,5:02 PM,MXS256775
Fatz Social 1,Flashset,Northside,2023-10-02,6:08 PM,MXC594185
Katz Fundraiser 12,Livetube,ECSW1.315,2023-09-19,12:21 PM,EXG777305
Agivu Party 12,Yata,ECSW1.315,2023-11-23,7:39 PM,LXL143303
Zooxo Social 2,Avaveo,Student Union,2023-11-05,6:23 PM,HXT658822
Oyope Bash,Youfeed,SCI Courtyard,2023-10-21,2:59 PM,LXW404264
Digitube Bash,Voonder,SCI Courtyard,2023-09-05,12:04 PM,DXM667721
Youfeed Workshop,Eamia,Northside,2023-10-08,11:49 AM,BXB298016
Flashset Social 2,Gigaclub,SCI,2023-09-13,11:20 AM,GXP819057
Kazio Workshop 12,Quamba,Student Union,2023-12-09,10:03 AM,IXL549506
Thoughtblab Party 12,Edgewire,HH Lecture Hall,2023-11-09,12:24 PM,KXC701155
Skyndu Social 1,Devpoint,Northside,2023-09-25,12:20 PM,CXF909706
Youtags Party 12,Twitterbridge,Student Union,2023-12-05,6:23 PM,JXR180592
Snaptags Fundraiser,Zoomdog,Northside,2023-09-05,3:01 PM,OXR764083
Bubblebox Social 2,Gigazoom,SCI Courtyard,2023-08-24,10:02 AM,MXS589513
Cogidoo Meet and Greet with Guest,Blogspan,ECSW1.315,2023-09-08,1:15 PM,TXM807402
Edgewire Social 1,Vinte,SCI Courtyard,2023-11-26,2:44 PM,AXC407521
Plajo Fundraiser,Realcube,SCI,2023-10-08,2:18 PM,NXF129461
Blogtags Meet and Greet with Guest,Katz,Northside,2023-09-26,4:21 PM,WXF584154
Realcube Workshop,Zooxo,Student Union,2023-12-08,6:42 PM,OXL871777
Bubblebox Party,Jayo,Northside,2023-09-01,2:56 PM,CXW206649
Gigashots Bash 12,Quaxo,HH Lecture Hall,2023-09-15,3:19 PM,AXL858138
Babbleopia Bash,Fatzxc,ECSW1.315,2023-12-06,5:48 PM,DXD448533
Fanoodle Meet and Greet with Guest,Layo,HH Lecture Hall,2023-11-02,6:43 PM,LXH584302
Tagchat Meet and Greet with Guest,Devpointed,Student Union,2023-09-22,5:07 PM,DXP315768
Quatz Fundraiser 12,Flashpoint,JO4.614,2023-11-27,7:10 PM,AXD815364
Youspan Meet and Greet with Guest 12,Dabfeed,SCI Courtyard,2023-08-26,7:30 PM,EXL587145
Youspan Party,Blogtags,HH Lecture Hall,2023-09-05,2:35 PM,AXT799312
Gabvine Fundraiser 12,Midel,Student Union,2023-10-18,7:53 PM,SXW597224
Devshare Fundraiser 12,Eamiao,ECSW1.315,2023-09-21,11:30 AM,CXC108566
Wikizz Social 1,Camido,HH Lecture Hall,2023-08-24,1:32 PM,TXH295395
Realfire Meet and Greet with Guest,Riffpath,SCI,2023-10-10,2:17 PM,GXB538508
Photofeed Social 1,Zoonoodle,Student Union,2023-11-15,11:29 AM,RXC601892
Gigaclub Party,Demizz,SCI,2023-10-15,7:17 PM,EXG816818
Oyope Workshop,Livepath,SCI Courtyard,2023-12-06,10:12 AM,RXF974052
Lazzy Social 1,Kats,SCI Courtyard,2023-09-17,5:37 PM,AXR190691
Teklist Fundraiser,Oyoyo,ECSW1.315,2023-09-15,5:52 PM,PXG354152
Edgeclub Social 12,Tagpad,Student Union,2023-11-22,4:11 PM,AXB721183
Zoombox Workshop,Kwimbee,Northside,2023-10-30,5:23 PM,RXL223954
Quire Meet and Greet with Guest,Fliptune,SCI Courtyard,2023-10-19,3:23 PM,DXV805270
Youtags Workshop,Ozu,JO4.614,2023-09-29,11:23 AM,NXG392624
Camido Social 1,Laz,SCI,2023-11-19,12:22 PM,DXL433537
Innojam Meet and Greet with Guest,Jamia,JO4.614,2023-11-11,2:53 PM,DXS270833
Browsetype Meet and Greet with Guest,Lazz,JO4.614,2023-10-31,7:08 PM,KXP154510
Shufflester Workshop 12,Kwimbeem,JO4.614,2023-10-06,3:30 PM,DXG275813
Dabvine Fundraiser,Skaboo,SCI,2023-11-10,6:28 PM,TXS762659
Bubbletube Bash 12,Topiclounge,HH Lecture Hall,2023-10-02,3:41 PM,SXK156887
Dabfeed Social 2,Quimba,JO4.614,2023-08-23,4:21 PM,TXM684197
Youspan Workshop 13,Rhyloo,JO4.614,2023-10-19,11:14 AM,AXP848231
Skipfire Social 1,Bubbletube,SCI Courtyard,2023-09-08,2:35 PM,CXJ869404
Gabvine Fundraiser 13,Mydeo,SCI Courtyard,2023-09-05,11:46 AM,BXB710063
Layo Social 1,Mudo,Student Union,2023-10-28,5:08 PM,KXH581104
Kare Workshop,Flipopia,SCI,2023-11-27,7:02 PM,LXS575185
Kaymbo Social 2,Realpoint,JO4.614,2023-08-29,1:20 PM,AXH396744
Skimia Bash,Devbug,SCI,2023-11-23,3:42 PM,YXW132706
Babbleblab Party,Photospace,JO4.614,2023-11-28,4:42 PM,RXM593827
Vinte Social 2,Zoombox,JO4.614,2023-08-21,10:24 AM,WXT944996
Babbleopia Social 13,Wrestling Club,SCI Courtyard,2023-11-11,1:54 PM,BXB105340
Skyndu Workshop,Oyonder,ECSW1.315,2023-10-16,1:49 PM,MXW566929
Mynte Social 1,Skiptube,JO4.614,2023-11-28,5:01 PM,SXA126197
Teklist Party,Snaptags,Northside,2023-10-13,6:08 PM,EXA888051
Kare Social 1,Mydeon,Northside,2023-09-03,3:07 PM,CXP793296
Zooxo Meet and Greet with Guest,Jazzy,HH Lecture Hall,2023-09-02,11:47 AM,KXB317541
Jamia Social 1,Gigaclubbing,Northside,2023-11-26,6:53 PM,GXE320231
Fanoodle Workshop,Skipfire,JO4.614,2023-10-16,2:09 PM,NXR512064
Babbleopia Social 2,Jabbertype,SCI Courtyard,2023-09-26,7:31 PM,LXC653980
Quire Social 1,Mynte,Student Union,2023-12-02,7:17 PM,WXE611753
Skalith Workshop 13,Oyope,SCI,2023-10-16,11:33 AM,JXO868035
Youtags Social 13,Brainbox,SCI Courtyard,2023-09-18,4:10 PM,JXM714353
Youtags Bash 13,Skimia,HH Lecture Hall,2023-11-16,6:04 PM,RXT260133
Oyonder Workshop,Riffpaths,SCI Courtyard,2023-10-05,10:02 AM,CXC619943
Skalith Meet and Greet with Guest,Roombo,Northside,2023-09-28,6:49 PM,CXR507142
LiveZ Meet and Greet with Guest,Avamba,JO4.614,2023-11-07,6:39 PM,LXG441946
Yadel Social 2,Jayod,SCI Courtyard,2023-11-04,6:21 PM,GXM764021
Chatterbridge Party,Gigashon,JO4.614,2023-09-30,6:17 PM,SXG892724
Skynoodle Fundraiser,Thoughtblab,SCI Courtyard,2023-09-28,2:18 PM,JXK921628
Youtags Social 2,Skyndu,ECSW1.315,2023-11-12,10:19 AM,KXP577226
Eamia Social 1,Jayop,Northside,2023-09-07,5:15 PM,BXD491414
Camido Social 2,Flashspan,SCI Courtyard,2023-12-05,3:44 PM,BXS958224
Zoombeat Bash,Thoughtstorm,HH Lecture Hall,2023-11-29,3:38 PM,MXN514789
Yodo Meet and Greet with Guest,Skalith,HH Lecture Hall,2023-11-27,3:59 PM,JXC400301
Feedfire Social 13,Edgeblab,SCI Courtyard,2023-08-26,11:39 AM,LXS870654
Feedfire Social 12,Fiveclub,SCI,2023-09-06,5:42 PM,KXB414527
Skyndu Fundraiser,Yodo,SCI,2023-08-29,7:06 PM,MXB774204
Yacero Social 2,Meedoo,SCI Courtyard,2023-11-22,1:51 PM,DXC299253
Riffpedia Fundraiser,Tagpads,Northside,2023-10-31,11:12 AM,FXD974816
Jayo Bash 13,Shuffledrive,Student Union,2023-09-20,7:32 PM,LXC347646
Jayo Social 2,Pixoboo,HH Lecture Hall,2023-11-12,4:34 PM,RXD418547
Jayo Bash 14,Browseblab,ECSW1.315,2023-11-14,4:08 PM,WXP259679
Kayveo Party,Eire,JO4.614,2023-09-10,11:07 AM,LXG642340
Yakidoo Social 1,Oyondered,Student Union,2023-11-06,5:28 PM,MXC406043
Devpoint Social 1,Bubblebox,Student Union,2023-08-24,7:05 PM,EXR737018
Oozz Social 1,Rhybox,Northside,2023-10-21,5:18 PM,FXH239201
Lazzy Bash,Skynoodle,Northside,2023-11-26,5:40 PM,FXM323885
Twitterbridge Fundraiser,Kaymbo,Northside,2023-11-01,3:13 PM,AXH739555
Kwilith Party 13,Plajon,JO4.614,2023-09-14,10:24 AM,CXW243078
Gigazoom Bash,Bubblemix,SCI,2023-09-14,2:38 PM,WXG513099
Buzzster Workshop,Bubbletubes,SCI Courtyard,2023-10-05,6:30 PM,FXL908431
Tagopia Bash,Yombu,Northside,2023-09-09,3:04 PM,SXB733953
Skalith Workshop,Nlounge,Student Union,2023-09-28,7:11 PM,TXH684142
Tazz Bash,Mydo,JO4.614,2023-09-06,10:55 AM,CXM280903
Mynte Workshop,Gabvine,Student Union,2023-12-04,10:23 AM,HXP360123
Youfeed Meet and Greet with Guest,Innojam,SCI Courtyard,2023-09-23,4:08 PM,JXT326226
Devshare Party,Youtagses,SCI Courtyard,2023-10-08,12:16 PM,MXP354174
Voonder Fundraiser,Camidon,JO4.614,2023-09-06,10:20 AM,MXD935052
Midel Bash,Kayveo,SCI,2023-12-01,7:50 PM,AXB318742
Mydo Meet and Greet with Guest,Tagchat,JO4.614,2023-09-29,7:16 PM,GXC549274
Digitube Social 2,Thoughtstormed,SCI Courtyard,2023-11-13,6:37 PM,NXS612329
Thoughtblab Workshop,Edgeclub,HH Lecture Hall,2023-09-26,2:24 PM,CXF557246
Gigashots Workshop 12,Zooxox,ECSW1.315,2023-09-14,2:35 PM,AXN884936
Fatz Party,Oozz,JO4.614,2023-10-16,7:05 PM,NXO807816
Jabbertype Meet and Greet with Guest 13,Pixopen,ECSW1.315,2023-10-17,2:08 PM,MXB803082
Trunyx Party,Skipstorm,Student Union,2023-09-27,1:48 PM,EXY371024
Zoomdog Fundraiser,Tazz,SCI,2023-09-18,3:10 PM,RXG722935
Livetube Bash 13,Zoombeat,ECSW1.315,2023-10-09,10:16 AM,EXD769955
Gabvine Fundraiser,Tagopia,JO4.614,2023-10-10,1:43 PM,OXC562370
Thoughtmix Workshop,Miboo,HH Lecture Hall,2023-11-23,3:35 PM,SXS267971
Demizz Social 2,Bluejam,Northside,2023-11-02,1:32 PM,BXC261182
Youtags Bash,Fivebridge,SCI,2023-12-04,4:09 PM,JXM614145
Quamba Fundraiser 13,Riffpedia,JO4.614,2023-11-19,10:39 AM,MXM164142
Flashset Bash,Babbleblab,JO4.614,2023-09-02,12:31 PM,RXM347082
Yacero Bash,Cogidoon,ECSW1.315,2023-12-03,12:16 PM,AXN242175
Jayo Workshop 14,Gabvines,HH Lecture Hall,2023-09-30,11:19 AM,JXP293572
Photospace Fundraiser 14,Avavee,HH Lecture Hall,2023-10-09,12:24 PM,RXH103988
Tagchat Bash,Trunyx,Student Union,2023-10-31,6:50 PM,DXC124265
Voonyx Workshop 13,Quatz Club,Student Union,2023-11-13,10:00 AM,GXF629202
Skipfire Bash,Pixonyx,SCI,2023-10-22,4:03 PM,BXS423810
Viva Bash,Leexo,Student Union,2023-11-25,2:28 PM,RXB107466
Trunyx Meet and Greet with Guest,Topicware,ECSW1.315,2023-12-02,12:36 PM,SXM785372
Skyndu Party 13,Shufflesters,SCI Courtyard,2023-09-13,11:41 AM,BXB491962
Browseblab Meet and Greet with Guest,Demivee,ECSW1.315,2023-10-31,5:23 PM,SXP423774
Photofeed Bash,Jatri,ECSW1.315,2023-09-10,3:04 PM,NXB446433
Edgeblab Workshop,Yadel,SCI Courtyard,2023-11-07,7:51 PM,BXG181250
Livepath Social 1,Buzzster,ECSW1.315,2023-11-04,11:55 AM,FXW685250
Roombo Meet and Greet with Guest,Kwilith,HH Lecture Hall,2023-10-05,7:20 PM,DXO335075
Babbleblab Workshop 13,Babbleset,HH Lecture Hall,2023-11-04,7:01 PM,MXC600418
Chatterbridge Fundraiser,Fatz,Student Union,2023-11-09,3:36 PM,BXR102528
Zoombeat Party,Dabshot,ECSW1.315,2023-09-15,7:20 PM,CXG127537
Shuffledrive Party,Yato,ECSW1.315,2023-10-23,11:58 AM,NXF872904
Pixoboo Workshop,Fatzx,Northside,2023-08-28,3:07 PM,SXB721239
Oyope Party,Youspanz,JO4.614,2023-09-29,5:08 PM,CXM564597
Yakidoo Fundraiser,Skinte,Student Union,2023-11-29,10:11 AM,AXT933257
Trunyx Workshop,Jaloo,HH Lecture Hall,2023-11-16,4:05 PM,LXK995573
Tagpad Bash 13,Roombobo,SCI,2023-12-06,2:16 PM,VXS351861
Innojam Workshop,Quatz,SCI Courtyard,2023-09-20,1:24 PM,RXD439356
Youspan Workshop 15,Skiptubes,JO4.614,2023-09-11,1:37 PM,AXS537604
Yakidoo Workshop,Cogidoo,SCI,2023-10-27,10:34 AM,CXS582943
Thoughtstorm Meet and Greet with Guest,Thoughtmix,Northside,2023-09-18,11:06 AM,NXB794030
Flipbug Meet and Greet with Guest,Flipstorm,SCI,2023-11-06,10:57 AM,MXE797916
Oyope Meet and Greet with Guest,Gigashot,ECSW1.315,2023-11-30,3:59 PM,MXA116184
Realfire Party 13,Devshare,Student Union,2023-09-17,10:27 AM,RXB793710
Mydeo Social 2,Fanoodle,ECSW1.315,2023-08-21,6:02 PM,JXB837362
Aimbu Bash,Avambam,JO4.614,2023-09-24,2:55 PM,TXB924513
Skiba Fundraiser,Shufflester,SCI,2023-09-22,7:13 PM,AXB246561
Zoombox Social 2,Kare,SCI Courtyard,2023-11-20,12:06 PM,JXC145152
Devbug Social 2,Yakidoo,ECSW1.315,2023-12-06,1:10 PM,CXB566883
Skiba Meet and Greet with Guest,Yakijo,SCI Courtyard,2023-11-17,1:04 PM,PXD825065
Zoomzone Fundraiser,Agivu,Northside,2023-09-19,7:35 PM,SXG654474
Bubbletube Social 2,Youspans,SCI,2023-09-14,12:04 PM,FXL460678
Trunyx Fundraiser,Babbleopia,SCI,2023-12-03,1:30 PM,RXL171710
Yodo Fundraiser 13,Kazion,HH Lecture Hall,2023-10-16,7:06 PM,SXG401379
Roombo Workshop 13,Wikizz,SCI Courtyard,2023-11-22,12:45 PM,SXM969570
Kazio Bash 13,Dabvine,Student Union,2023-10-30,4:52 PM,CXC739049
Yakidoo Meet and Greet with Guest 13,Katzx,HH Lecture Hall,2023-10-10,5:38 PM,NXR881365
Zoomlounge Social 13,Mydeom,JO4.614,2023-08-27,3:33 PM,BXE474867
Dabshots Social 2,Jabberstorm,SCI,2023-10-30,12:35 PM,SXE225470
Quatz Fundraiser 13,Yodon,ECSW1.315,2023-10-15,6:38 PM,DXD750887
Plajo Workshop,Realfire,HH Lecture Hall,2023-08-21,11:22 AM,JXT697537
Youspan Social 2,Teklisted,JO4.614,2023-11-17,1:08 PM,JXI887269
Lazz Social 1,Yozio,JO4.614,2023-11-09,7:52 PM,CXF693232
Camido Fundraiser,Viva,Northside,2023-09-25,1:25 PM,CXH255240
Flipstorm Workshop,Youspam,JO4.614,2023-09-09,2:17 PM,NXL319138
Katz Social 2,Photofeed,SCI,2023-09-07,2:55 PM,KXF499034
Tagpad Bash,Zoomlounge,ECSW1.315,2023-10-31,6:58 PM,EXS379011
Yata Social 2,Oodoo,ECSW1.315,2023-11-14,2:44 PM,PXG293501
Skiptube Fundraiser 13,Quired,HH Lecture Hall,2023-09-11,5:25 PM,DXC732860
Buzzster Fundraiser 13,Kat,SCI,2023-09-16,4:22 PM,MXW898796
Mydeo Party,Skipfires,Student Union,2023-09-04,5:20 PM,BXD630401
Kwimbee Bash 13,Roodel,Student Union,2023-10-11,12:33 PM,DXR168981
Nlounge Bash,Skiptubed,Student Union,2023-12-09,4:07 PM,MXF725418
Layo Social 2,Rooxo,JO4.614,2023-11-02,12:37 PM,CXB864071
Bubbletube Bash,Gevee,ECSW1.315,2023-10-04,10:59 AM,KXD216814
Digitube Social 1,Tazzy,SCI,2023-12-05,5:27 PM,HXN998199
Kazio Workshop,Edgeify,Student Union,2023-09-25,10:47 AM,AXS629189
Skipfire Workshop,Eamiam,Northside,2023-11-18,12:50 PM,EXV572694
Layo Workshop 13,Rhynoodle,SCI Courtyard,2023-08-22,7:52 PM,DXH297237
Ozu Workshop,Jabbersphere,ECSW1.315,2023-10-27,4:06 PM,AXL419045
Riffpath Bash,Skimiam,HH Lecture Hall,2023-10-02,1:08 PM,MXF811441
Photospace Fundraiser,LiveZ,Northside,2023-10-22,11:27 AM,MXL837870
Browseblab Fundraiser 13,Feedfire,HH Lecture Hall,2023-10-23,11:14 AM,FXH550195
Gabvine Social 2,Kazio,JO4.614,2023-09-06,10:46 AM,HXH580586
Edgeify Fundraiser,Browsetype,HH Lecture Hall,2023-09-22,2:28 PM,DXO683984
Kwilith Party 15,Skiba,Northside,2023-10-14,4:26 PM,FXB345624
Vinte Workshop,Quire,Student Union,2023-09-14,7:09 PM,KXK171712
Cogidoo Workshop,Voonyx,SCI Courtyard,2023-11-30,11:33 AM,MXR273717
Babbleopia Meet and Greet with Guest,Zoomzone,HH Lecture Hall,2023-08-26,12:31 PM,AXC959798
Topiclounge Party,Poker Club,HH Lecture Hall,2023-09-21,11:55 AM,FXC145157
Oyoyo Fundraiser,Camimbo,JO4.614,2023-09-12,2:37 PM,JXM955960
Mynte Meet and Greet with Guest,Mymm,Student Union,2023-10-25,3:14 PM,OXF804673
Shuffledrive Social 13,Mybuzz,Northside,2023-08-21,5:31 PM,AXT578768
Kazio Social 2,Golf Club,SCI Courtyard,2023-09-15,3:06 PM,MXE765427
Brainbox Party,Youspan,JO4.614,2023-10-25,1:34 PM,RXP456254
Skyndu Party,Youtags,SCI Courtyard,2023-10-22,1:19 PM,LXE101016
Shuffledrive Meet and Greet with Guest,Pixope,Northside,2023-10-25,5:15 PM,PXS567105
Layo Fundraiser,Aimbu,Northside,2023-10-02,1:26 PM,CXA723852
Jabbertype Social 2,Trupe,ECSW1.315,2023-11-16,10:59 AM,TXS590353
Abata Bash 13,Dabshots,Student Union,2023-09-19,7:39 PM,FXG789213
Shufflester Meet and Greet with Guest,Gigashots,SCI Courtyard,2023-08-26,3:15 PM,EXG286688
Yata Workshop,Ntag,SCI,2023-09-03,11:19 AM,CXD763012
Jayo Party,Digitube,Northside,2023-11-25,11:16 AM,DXK638947
Rhynoodle Social 2,Brainlounge,Student Union,2023-08-30,3:51 PM,TXB128470
Devshare Fundraiser,Aibox,JO4.614,2023-10-26,4:33 PM,FXS704192
Eamia Fundraiser 13,Skyndun,ECSW1.315,2023-08-25,4:31 PM,PXK514723
Jamia Social 2,Linkbridge,JO4.614,2023-11-01,5:44 PM,GXS283305
Shufflester Party,Yacero,HH Lecture Hall,2023-09-13,1:16 PM,AXH600307
Gigashots Fundraiser,Flipbug,SCI Courtyard,2023-11-04,3:22 PM,DXS547436
Riffpath Meet and Greet with Guest,Abata,SCI,2023-11-10,10:59 AM,GXO781399
Kwimbee Party,Plajo,JO4.614,2023-08-23,12:34 PM,EXL881063
Thoughtstorm Workshop,Chatterbridge,SCI Courtyard,2023-10-13,11:07 AM,MXW295587
Jabberstorm Party,Eazzy,Student Union,2023-09-07,6:54 PM,LXJ102671
Livetube Bash,Teklist,SCI Courtyard,2023-09-02,12:29 PM,PXC729537
Demivee Social 1,Flashset,ECSW1.315,2023-08-24,5:51 PM,CXE938544
Realcube Social 2,Livetube,Northside,2023-10-03,12:44 PM,CXG547342
Agivu Bash 13,Yata,SCI,2023-10-23,7:28 PM,GXS875788
Rhyloo Party,Avaveo,JO4.614,2023-09-23,3:17 PM,NXP108790
Yodo Fundraiser 15,Youfeed,SCI Courtyard,2023-10-05,10:43 AM,CXS905890
Jaloo Meet and Greet with Guest,Voonder,HH Lecture Hall,2023-10-31,4:05 PM,TXB472450
Jabbertype Workshop,Eamia,Student Union,2023-09-01,4:25 PM,HXF754901
Zoomdog Party,Gigaclub,Northside,2023-10-09,2:37 PM,CXG376090
Mybuzz Social 2,Quamba,SCI Courtyard,2023-11-14,10:34 AM,JXS637137
Agivu Fundraiser,Edgewire,ECSW1.315,2023-09-18,7:22 PM,DXC261516
Jazzy Meet and Greet with Guest,Devpoint,JO4.614,2023-11-24,12:55 PM,FXS128603
Youspan Bash 15,Twitterbridge,Northside,2023-10-21,6:12 PM,GXC129804
Mydeo Workshop,Zoomdog,ECSW1.315,2023-11-07,1:10 PM,RXM768560
Yata Bash,Gigazoom,ECSW1.315,2023-09-21,1:27 PM,TXS377835
Roombo Workshop 15,Blogspan,ECSW1.315,2023-12-06,6:37 PM,KXF102115
Buzzster Fundraiser,Vinte,Northside,2023-11-09,10:13 AM,WXJ892494
Thoughtstorm Social 15,Realcube,Student Union,2023-10-10,11:25 AM,RXR384536
Kwilith Fundraiser,Katz,SCI,2023-10-24,2:29 PM,JXK269076
Digitube Workshop,Zooxo,HH Lecture Hall,2023-11-29,1:11 PM,GXM852668
Cogidoo Fundraiser,Jayo,SCI Courtyard,2023-09-26,3:29 PM,DXW626854
Agivu Social 2,Quaxo,SCI Courtyard,2023-11-05,12:07 PM,CXE568098
Skipfire Party 15,Fatzxc,HH Lecture Hall,2023-09-09,11:16 AM,FXD241516
Trunyx Social 2,Layo,SCI Courtyard,2023-11-20,7:34 PM,HXC122126
Realfire Party,Devpointed,SCI,2023-10-27,12:37 PM,CXG317101
Abata Bash,Flashpoint,ECSW1.315,2023-11-30,11:23 AM,EXP614923
Skiptube Fundraiser 15,Dabfeed,Northside,2023-11-19,7:46 PM,GXT683346
Voonyx Party,Blogtags,Student Union,2023-09-28,7:22 PM,EXB358450
Riffpath Social 1,Midel,SCI,2023-11-08,12:59 PM,DXP255405
Tagopia Fundraiser,Eamiao,HH Lecture Hall,2023-11-12,10:44 AM,DXS857790
Gabvine Workshop,Camido,Northside,2023-09-26,6:45 PM,RXD676999
Vinte Social 1,Riffpath,SCI,2023-11-21,7:14 PM,LXC919372
Miboo Party,Zoonoodle,JO4.614,2023-11-07,12:00 PM,SXM249051
Mydeo Meet and Greet with Guest,Demizz,JO4.614,2023-10-30,4:54 PM,MXA342073
Eamia Fundraiser,Livepath,SCI,2023-09-21,5:23 PM,RXC782790
Gigashots Bash,Kats,SCI Courtyard,2023-10-03,3:34 PM,MXL531929
Eamia Meet and Greet with Guest 15,Oyoyo,SCI,2023-08-27,5:07 PM,DXA263991
Agivu Social 1,Tagpad,Student Union,2023-10-29,1:00 PM,AXR802795
Kwimbee Workshop,Kwimbee,JO4.614,2023-10-11,7:17 PM,JXA919323
Quimba Party,Fliptune,HH Lecture Hall,2023-11-25,3:17 PM,GXd140687
Avavee Social 2,Ozu,ECSW1.315,2023-11-01,6:40 PM,GXB153297
Youspan Workshop,Laz,Northside,2023-09-13,11:15 AM,NXM511959
Quatz Fundraiser,Jamia,Student Union,2023-10-14,11:19 AM,CXT465927
Realpoint Social 2,Lazz,HH Lecture Hall,2023-11-27,11:12 AM,TXI801993
Jazzy Fundraiser,Kwimbeem,SCI,2023-12-01,2:17 PM,EXG504728
Zoonoodle Workshop 15,Skaboo,SCI Courtyard,2023-09-22,10:00 AM,ZXD223615
Avavee Social 1,Topiclounge,SCI Courtyard,2023-08-31,5:39 PM,CXL225973
Bubblebox Workshop,Quimba,SCI Courtyard,2023-11-18,6:48 PM,JXL748540
Eamia Meet and Greet with Guest,Rhyloo,Student Union,2023-10-22,6:58 PM,JXE305274
Bluejam Workshop,Bubbletube,SCI Courtyard,2023-10-25,11:06 AM,TXS464054
Gigashots Workshop,Mydeo,HH Lecture Hall,2023-11-12,5:28 PM,CXC741534
Avamba Social 2,Mudo,Student Union,2023-12-08,3:18 PM,CXC224055
Oyoyo Social 15,Flipopia,Student Union,2023-11-18,6:53 PM,MXF229827
Yacero Fundraiser,Realpoint,SCI,2023-12-07,4:26 PM,VXB982710
Camido Party,Devbug,HH Lecture Hall,2023-11-24,2:01 PM,MXM739271
Realfire Workshop,Photospace,HH Lecture Hall,2023-08-24,7:49 PM,CXL659428
Quamba Fundraiser,Zoombox,HH Lecture Hall,2023-11-18,11:26 AM,GXB925781
Oozz Party,Wrestling Club,SCI,2023-09-16,3:08 PM,WXD294241
Jamia Party,Oyonder,SCI Courtyard,2023-11-16,4:16 PM,IXF323426
Quire Workshop,Skiptube,Student Union,2023-11-21,5:18 PM,EXW726702
Devshare Meet and Greet with Guest,Snaptags,SCI Courtyard,2023-11-25,2:07 PM,KXH234820
Yombu Fundraiser,Mydeon,Student Union,2023-09-17,3:53 PM,GXP446630
Voonyx Bash,Jazzy,Student Union,2023-10-13,5:14 PM,PXR260854
Agivu Bash,Gigaclubbing,ECSW1.315,2023-08-30,5:28 PM,AXS689210
Mudo Social 2,Skipfire,HH Lecture Hall,2023-10-18,4:04 PM,LXI606604
Bluejam Social 2,Jabbertype,SCI Courtyard,2023-09-13,6:32 PM,HXO575828
Oyoyo Social 1,Mynte,SCI Courtyard,2023-11-24,2:38 PM,JXB101073
Yakidoo Meet and Greet with Guest,Oyope,Student Union,2023-10-28,7:42 PM,EXH677814
Photospace Social 1,Brainbox,Northside,2023-11-24,11:27 AM,GXB578688
Yodo Social 1,Skimia,SCI,2023-09-05,12:49 PM,IXE914199
Blogspan Workshop,Riffpaths,Northside,2023-11-09,5:59 PM,TXM745809
Thoughtblab Party,Roombo,ECSW1.315,2023-10-03,1:55 PM,CXP217228
Rhynoodle Social 1,Avamba,Northside,2023-11-26,12:50 PM,KXG764274
Jabbertype Meet and Greet with Guest,Jayod,ECSW1.315,2023-11-22,2:52 PM,DXH872376
Browsetype Bash,Gigashon,Student Union,2023-10-29,1:15 PM,MXC405914
Jamia Meet and Greet with Guest,Thoughtblab,SCI Courtyard,2023-11-14,7:34 PM,PXB603600
LiveZ Workshop,Skyndu,Student Union,2023-10-25,6:07 PM,DXS668069
Shufflester Workshop,Jayop,SCI,2023-09-12,5:10 PM,FXG299891
Oyope Social 2,Flashspan,ECSW1.315,2023-12-04,7:02 PM,CXP613279
Kwilith Social 2,Thoughtstorm,JO4.614,2023-11-10,6:19 PM,RXM697772
Photofeed Meet and Greet with Guest,Skalith,SCI,2023-08-25,2:01 PM,MXG171654
Babbleset Social 2,Edgeblab,SCI,2023-11-02,2:01 PM,BXS829107
Youspan Fundraiser,Fiveclub,ECSW1.315,2023-11-19,10:54 AM,FXK866832
Katz Fundraiser 15,Yodo,ECSW1.315,2023-10-29,6:57 PM,JXL905067
Meedoo Social 1,Meedoo,ECSW1.315,2023-11-19,5:49 PM,CXF427275
Leexo Workshop 15,Tagpads,HH Lecture Hall,2023-09-18,10:07 AM,JXG400491
Skipfire Party,Shuffledrive,Northside,2023-11-30,12:46 PM,CXG919353
Edgeclub Social 2,Pixoboo,ECSW1.315,2023-11-26,6:22 PM,IXB574801
Pixope Social 1,Browseblab,Northside,2023-11-04,1:56 PM,CXJ355443
Oyonder Social 1,Eire,Northside,2023-09-10,2:07 PM,EXO870338
Riffpath Fundraiser,Oyondered,HH Lecture Hall,2023-10-24,7:30 PM,HXL381920
Youspan Meet and Greet with Guest,Bubblebox,Northside,2023-10-08,10:01 AM,HXL763776
Teklist Meet and Greet with Guest,Rhybox,SCI,2023-08-23,7:11 PM,EXB130417
Photospace Workshop,Skynoodle,JO4.614,2023-11-03,1:55 PM,AXG145301
Skimia Fundraiser,Kaymbo,Student Union,2023-10-04,10:42 AM,PXB234215
Devpoint Bash,Plajon,Student Union,2023-10-02,10:20 AM,CXC816539
Thoughtstorm Social 1,Bubblemix,Student Union,2023-10-04,2:00 PM,BXZ410250
Skimia Social 2,Bubbletubes,HH Lecture Hall,2023-10-28,1:54 PM,KXT446039
Gigaclub Meet and Greet with Guest,Yombu,JO4.614,2023-11-24,12:02 PM,AXS496110
Jatri Social 1,Nlounge,SCI Courtyard,2023-10-20,5:42 PM,TXH308879
Kwilith Party 16,Mydo,SCI Courtyard,2023-10-01,6:21 PM,EXM472285
Skipfire Social 2,Gabvine,HH Lecture Hall,2023-10-02,1:06 PM,MXA521701
Tazz Meet and Greet with Guest,Innojam,Student Union,2023-09-17,5:20 PM,SXM188217
Tazzy Social 2,Youtagses,JO4.614,2023-11-01,4:18 PM,FXB875564
Layo Workshop,Camidon,JO4.614,2023-08-25,11:17 AM,EXW863748
Mydo Social 1,Kayveo,SCI Courtyard,2023-11-18,10:13 AM,NXR705417
Browseblab Fundraiser,Tagchat,JO4.614,2023-10-14,12:12 PM,KXE978453
Katz Meet and Greet with Guest,Thoughtstormed,JO4.614,2023-09-30,6:51 PM,VXV509015
Roombo Workshop,Edgeclub,Northside,2023-09-27,7:08 PM,CXD884052
Roombo Bash,Zooxox,ECSW1.315,2023-11-11,2:34 PM,CXM345603
Zoonoodle Workshop 16,Oozz,Student Union,2023-08-26,3:10 PM,RXW395869
Katz Fundraiser,Pixopen,SCI,2023-11-15,6:09 PM,JXD626494
Flashspan Meet and Greet with Guest,Skipstorm,Northside,2023-08-29,5:42 PM,RXD916663
Jabberstorm Social 1,Tazz,Student Union,2023-08-30,12:20 PM,IXB632707
Zoombox Bash,Zoombeat,JO4.614,2023-09-10,12:52 PM,MXC224532
Yadel Party,Tagopia,SCI,2023-12-06,11:30 AM,DXM582316
Cogidoo Party,Miboo,Northside,2023-09-09,2:34 PM,JXC513203
Kwilith Party,Bluejam,SCI Courtyard,2023-12-07,6:02 PM,KXC695286
Mybuzz Social 1,Fivebridge,JO4.614,2023-09-13,11:12 AM,PXC693174
Linkbridge Party,Riffpedia,ECSW1.315,2023-11-17,4:25 PM,KXS319594
Katz Social 1,Babbleblab,Student Union,2023-11-17,2:41 PM,DXA285356
Skynoodle Workshop,Cogidoon,SCI Courtyard,2023-08-25,11:26 AM,MXS112866
Mynte Fundraiser,Gabvines,SCI Courtyard,2023-10-06,11:08 AM,BXM955960
Lazzy Social 2,Avavee,SCI Courtyard,2023-12-02,10:52 AM,DXB584371
Kazio Bash,Trunyx,HH Lecture Hall,2023-10-13,4:26 PM,MXI997191
Meedoo Meet and Greet with Guest,Quatz Club,Student Union,2023-09-09,10:34 AM,AXS249737
Zoomlounge Social 1,Pixonyx,SCI Courtyard,2023-11-04,4:56 PM,BXE314736
Dabfeed Bash,Leexo,Northside,2023-08-27,2:18 PM,MXC635212
Skiptube Fundraiser,Topicware,JO4.614,2023-09-22,5:07 PM,RXC825811
Babbleopia Workshop,Shufflesters,HH Lecture Hall,2023-10-10,5:30 PM,BXD614662
Quaxo Social 2,Demivee,ECSW1.315,2023-08-30,5:57 PM,CXH449942
Babbleblab Workshop,Jatri,ECSW1.315,2023-09-12,5:02 PM,SXA641123
Jayo Social 15,Yadel,SCI Courtyard,2023-12-06,3:46 PM,RXR116376
Leexo Workshop,Buzzster,Northside,2023-11-02,1:04 PM,CXM990501
Fliptune Social 15,Kwilith,SCI,2023-08-30,1:46 PM,NXP130793
Skimia Meet and Greet with Guest,Babbleset,Northside,2023-10-21,12:12 PM,OXL366396
Fatz Meet and Greet with Guest,Fatz,JO4.614,2023-10-29,7:00 PM,TXS858404
Tagopia Workshop,Dabshot,JO4.614,2023-11-27,5:20 PM,RXH195213
Plajo Bash,Yato,Student Union,2023-11-13,4:39 PM,NXA881579
Trunyx Bash,Fatzx,JO4.614,2023-11-11,10:39 AM,TXF872018
Youtags Party,Youspanz,Northside,2023-09-03,12:35 PM,KXB643470
Avamba Party 15,Skinte,HH Lecture Hall,2023-11-06,4:27 PM,BXT816296
Kwimbee Meet and Greet with Guest,Jaloo,JO4.614,2023-08-23,5:34 PM,BXS741242
Babbleset Bash,Roombobo,SCI Courtyard,2023-09-19,11:00 AM,TXT528434
Jayo Social 1,Quatz,JO4.614,2023-12-09,6:32 PM,LXD768668
Innojam Social 1,Skiptubes,JO4.614,2023-11-20,12:40 PM,BXK376735
Shuffledrive Social 1,Cogidoo,Student Union,2023-09-02,7:14 PM,TXW951031
Skipfire Fundraiser,Thoughtmix,Student Union,2023-09-12,4:16 PM,JXC782048
Gigashots Social 2,Flipstorm,Northside,2023-09-04,10:49 AM,CXM545686
Trupe Fundraiser,Gigashot,Student Union,2023-11-02,2:58 PM,KXS645913
Youfeed Fundraiser,Devshare,ECSW1.315,2023-09-18,3:09 PM,RXM558307
Oyonder Social 2,Fanoodle,HH Lecture Hall,2023-11-09,6:39 PM,AXW589734
Yadel Meet and Greet with Guest,Avambam,ECSW1.315,2023-08-22,6:41 PM,AXL596192
Jayo Workshop,Shufflester,SCI,2023-10-15,12:24 PM,MXK165519
Youtags Meet and Greet with Guest,Kare,HH Lecture Hall,2023-11-03,7:26 PM,FXM117788
Kwimbee Bash,Yakidoo,JO4.614,2023-10-22,2:25 PM,DXE970314
Agivu Party,Yakijo,JO4.614,2023-09-17,5:09 PM,GXE852445
Linkbridge Social 1,Agivu,Student Union,2023-08-27,5:07 PM,JXV490171
Gigashots Social 1,Youspans,JO4.614,2023-09-08,6:36 PM,CXL115644
Yakijo Workshop,Babbleopia,SCI,2023-08-26,10:53 AM,MXD832892
Lazz Bash,Kazion,HH Lecture Hall,2023-12-07,4:44 PM,WXO328667
Avamba Party,Wikizz,ECSW1.315,2023-10-27,4:07 PM,TXN460300
Cogidoo Bash,Dabvine,HH Lecture Hall,2023-10-14,6:39 PM,YXO774677
Kaymbo Social 1,Katzx,ECSW1.315,2023-08-22,12:41 PM,GXW522086
Teklist Social 1,Mydeom,JO4.614,2023-10-11,3:07 PM,BXA124586
Zoonoodle Workshop,Jabberstorm,ECSW1.315,2023-09-07,5:57 PM,SXJ826054
Yadel Workshop,Yodon,Northside,2023-09-05,6:01 PM,DXF227047
Yodo Fundraiser,Realfire,JO4.614,2023-11-03,11:44 AM,CXD425761
Layo Party,Teklisted,Student Union,2023-11-27,1:49 PM,FXH688076
Fliptune Social 1,Yozio,SCI Courtyard,2023-11-19,12:27 PM,AXB884085
Edgeify Workshop,Viva,SCI Courtyard,2023-11-30,12:59 PM,SXG664502
Voonyx Workshop,Youspam,ECSW1.315,2023-10-02,4:56 PM,GXM892115
Fivebridge Social 2,Photofeed,SCI,2023-10-25,5:33 PM,NXB508369
Devpoint Fundraiser,Zoomlounge,HH Lecture Hall,2023-11-20,12:22 PM,SXH331235
Youspan Bash,Oodoo,SCI,2023-10-03,6:27 PM,SXR605473
Skaboo Fundraiser,Quired,ECSW1.315,2023-08-21,2:26 PM,CXS901127
Realpoint Bash,Kat,Student Union,2023-11-04,5:35 PM,MXR354055
Voonder Bash,Skipfires,SCI,2023-12-06,10:33 AM,RXD462166
Rooxo Party,Roodel,ECSW1.315,2023-10-07,2:22 PM,GXM769712
Skimia Bash 7,Skiptubed,SCI Courtyard,2023-12-04,4:45 PM,DXG686523
Ntag Workshop,Rooxo,Student Union,2023-10-27,1:53 PM,LXV859623
Eazzy Fundraiser,Gevee,Northside,2023-10-15,4:33 PM,MXL146924
Babbleblab Workshop 7,Tazzy,Student Union,2023-12-04,10:46 AM,DXD503865
Flashspan Bash,Edgeify,SCI Courtyard,2023-10-24,11:55 AM,JXR224976
Vinte Bash,Eamiam,HH Lecture Hall,2023-09-17,6:09 PM,KXP778273
Photofeed Social 7,Rhynoodle,ECSW1.315,2023-10-04,3:46 PM,NXD814035
Pixope Social 2,Jabbersphere,SCI Courtyard,2023-11-15,7:52 PM,WXC785418
Roombo Bash 7,Skimiam,Student Union,2023-09-10,3:47 PM,AXD108319
Oyonder Bash,LiveZ,Student Union,2023-11-09,7:20 PM,JXM703501
Eamia Fundraiser 7,Feedfire,Northside,2023-09-24,2:06 PM,KXE899731
Mydeo Bash,Kazio,SCI,2023-11-13,6:51 PM,MXB662135
Devshare Social 7,Browsetype,Northside,2023-11-01,5:52 PM,OXS464950
Aibox Social 1,Skiba,ECSW1.315,2023-10-26,4:04 PM,GXH751542
Kaymbo Meet and Greet with Guest,Quire,HH Lecture Hall,2023-08-22,10:02 AM,FXD691349
Youfeed Bash,Voonyx,HH Lecture Hall,2023-09-27,12:56 PM,LXC974452
Demivee Social 2,Zoomzone,JO4.614,2023-11-04,7:36 PM,GXI272677
Lazzy Party,Poker Club,Northside,2023-11-12,7:48 PM,MXG262547
Gigaclub Party 7,Camimbo,Northside,2023-10-13,3:49 PM,WXF835260
Kwimbee Workshop 7,Mymm,HH Lecture Hall,2023-09-14,3:02 PM,PXB466414
Feedfire Bash,Mybuzz,JO4.614,2023-10-12,5:50 PM,OXD853775
Yadel Meet and Greet with Guest 7,Golf Club,HH Lecture Hall,2023-12-04,2:54 PM,AXW942971
Leexo Workshop 7,Youspan,SCI,2023-09-21,3:33 PM,BXT230392
Jayo Fundraiser 7,Youtags,Northside,2023-10-15,12:51 PM,MXH604898
Oyonder Party 7,Pixope,JO4.614,2023-11-24,4:42 PM,FXB414114
Buzzster Bash,Aimbu,JO4.614,2023-09-13,3:14 PM,OXP245894
Tagpad Social 1,Trupe,Northside,2023-12-05,3:40 PM,CXI944397
Camido Social 7,Dabshots,SCI,2023-11-27,5:17 PM,JXT355008
Zoomlounge Social 7,Gigashots,SCI,2023-09-17,6:10 PM,FXD231805
Mydo Workshop,Ntag,HH Lecture Hall,2023-11-22,11:59 AM,KXH739787
Thoughtstorm Bash,Digitube,ECSW1.315,2023-11-20,7:44 PM,BXD185253
Voonder Workshop,Brainlounge,HH Lecture Hall,2023-12-05,11:47 AM,LXS578772
Youspan Meet and Greet with Guest 7,Aibox,Northside,2023-10-26,6:51 PM,OXF580740
Ozu Workshop 7,Skyndun,ECSW1.315,2023-12-07,6:38 PM,FXR905200
Rhynoodle Social 7,Linkbridge,Northside,2023-09-09,4:21 PM,CXL978456
Zoomzone Party,Yacero,SCI,2023-10-12,6:11 PM,EXL400203
Linkbridge Workshop,Flipbug,JO4.614,2023-11-16,6:44 PM,CXJ470024
Eamia Bash,Abata,HH Lecture Hall,2023-09-02,12:47 PM,AXT439692
Rhybox Party,Plajo,SCI,2023-10-16,12:11 PM,AXR887871
Quire Bash,Chatterbridge,JO4.614,2023-08-25,2:18 PM,NXR202362
Feedfire Meet and Greet with Guest,Eazzy,SCI Courtyard,2023-11-01,4:45 PM,DXT767051
Gigaclub Fundraiser 7,Teklist,SCI,2023-10-09,11:58 AM,BXB720058
Flashset Social 1,Flashset,ECSW1.315,2023-10-06,7:23 PM,EXS668578
Eazzy Meet and Greet with Guest,Livetube,ECSW1.315,2023-11-16,12:32 PM,BXA113432
Avavee Workshop,Yata,Student Union,2023-10-18,1:52 PM,GXE933125
Yakidoo Social 7,Avaveo,ECSW1.315,2023-08-31,1:22 PM,KXK811220
Buzzster Fundraiser 7,Youfeed,SCI Courtyard,2023-10-22,12:57 PM,FXP212759
Innojam Bash,Voonder,ECSW1.315,2023-12-06,4:14 PM,JXK879948
Demizz Workshop,Eamia,Northside,2023-08-26,7:35 PM,DXH697790
Pixope Social 7,Gigaclub,SCI Courtyard,2023-11-25,5:22 PM,HXC802252
Fatz Workshop,Quamba,HH Lecture Hall,2023-08-29,6:55 PM,RXE709772
Yacero Social 1,Edgewire,SCI Courtyard,2023-10-21,10:51 AM,SXV989871
Zoomlounge Party,Devpoint,ECSW1.315,2023-11-19,6:17 PM,CXC785597
Gigashots Meet and Greet with Guest,Twitterbridge,JO4.614,2023-09-17,6:23 PM,PXM916888
Dabshots Fundraiser 7,Zoomdog,Student Union,2023-09-19,11:18 AM,JXL201562
Dabshots Social 7,Gigazoom,HH Lecture Hall,2023-10-07,5:35 PM,SXA788056
Oyope Meet and Greet with Guest 7,Blogspan,Student Union,2023-11-16,5:04 PM,PXA526260
Babbleopia Workshop 7,Vinte,ECSW1.315,2023-11-20,7:44 PM,AXJ950587
Katz Party,Realcube,SCI,2023-10-15,2:53 PM,TXJ893814
Realcube Meet and Greet with Guest,Katz,SCI,2023-09-12,12:01 PM,GXP504617
Yadel Fundraiser,Zooxo,HH Lecture Hall,2023-09-29,6:57 PM,BXL673798
Roodel Fundraiser,Jayo,Northside,2023-09-10,7:43 PM,JXF277608
Babbleblab Fundraiser,Quaxo,SCI,2023-09-25,10:41 AM,GXM228616
Jabbertype Meet and Greet with Guest 7,Fatzxc,Student Union,2023-09-12,7:02 PM,MXA792949
Flashspan Meet and Greet with Guest 7,Layo,Student Union,2023-09-28,3:06 PM,CXB900157
LiveZ Workshop 7,Devpointed,Northside,2023-10-29,2:33 PM,MXH347908
Jabbertype Party,Flashpoint,JO4.614,2023-09-14,10:04 AM,DXT720254
Gigaclub Social 2,Dabfeed,SCI,2023-12-04,10:21 AM,MXM779267
Kwimbee Meet and Greet with Guest 8,Blogtags,Student Union,2023-10-03,12:54 PM,BXC553350
Yakijo Meet and Greet with Guest,Midel,Student Union,2023-11-28,10:58 AM,UXM231738
Teklist Party 8,Eamiao,SCI,2023-10-15,1:09 PM,SXK620148
Dabshots Social 8,Camido,JO4.614,2023-09-02,6:31 PM,VXC243970
Jatri Party,Riffpath,SCI Courtyard,2023-10-25,1:49 PM,AXS374699
Mynte Meet and Greet with Guest 8,Zoonoodle,Northside,2023-11-25,2:13 PM,PXA516425
Innojam Social 8,Demizz,Student Union,2023-11-03,1:30 PM,DXC509612
Topicware Social 1,Livepath,Northside,2023-08-22,7:16 PM,KXB768464
Thoughtstorm Fundraiser,Kats,HH Lecture Hall,2023-11-14,10:54 AM,WXS358796
Cogidoo Bash 8,Oyoyo,SCI Courtyard,2023-10-15,1:51 PM,EXB438899
Kazio Social 8,Tagpad,SCI Courtyard,2023-11-14,5:07 PM,KXD155342
Pixonyx Bash 8,Kwimbee,JO4.614,2023-08-31,5:03 PM,BXM294661
Buzzster Meet and Greet with Guest,Fliptune,JO4.614,2023-11-05,2:56 PM,LXP840900
Abata Social 1,Ozu,SCI Courtyard,2023-10-27,6:04 PM,TXP896604
Nlounge Workshop,Laz,HH Lecture Hall,2023-08-24,7:51 PM,SXN151547
Rhyloo Meet and Greet with Guest,Jamia,SCI,2023-11-26,11:15 AM,AXB730092
Babbleblab Social 2,Lazz,HH Lecture Hall,2023-09-12,4:15 PM,CXK179230
Riffpedia Workshop,Kwimbeem,Northside,2023-09-08,4:36 PM,JXA664959
Realpoint Social 4,Skaboo,ECSW1.315,2023-10-16,3:37 PM,AXT544842
Zooxo Social 4,Topiclounge,SCI Courtyard,2023-11-12,5:38 PM,BXL662203
Lazz Social 4,Quimba,SCI Courtyard,2023-09-11,2:30 PM,BXB765372
Brainbox Social 2,Rhyloo,Northside,2023-08-31,6:30 PM,VXG256349
Twitterbridge Social 1,Bubbletube,SCI,2023-08-24,1:31 PM,BXP775248
Avamba Social 1,Mydeo,SCI,2023-10-18,5:00 PM,BXH160546
Bluejam Bash,Mudo,Student Union,2023-11-20,3:50 PM,GXA814038
Eamia Social 4,Flipopia,HH Lecture Hall,2023-09-11,12:05 PM,SXA462840
Yozio Fundraiser,Realpoint,SCI Courtyard,2023-11-01,1:17 PM,HXN434932
Flipstorm Party,Devbug,HH Lecture Hall,2023-09-25,4:18 PM,TXB435917
Oyope Workshop 4,Photospace,ECSW1.315,2023-10-16,3:59 PM,DXJ836233
Aimbu Meet and Greet with Guest,Zoombox,ECSW1.315,2023-10-25,2:10 PM,LXD332257
Linkbridge Meet and Greet with Guest,Wrestling Club,JO4.614,2023-10-01,3:46 PM,DXD435100
Yodo Social 2,Oyonder,JO4.614,2023-10-03,11:06 AM,MXN589204
Pixope Party,Skiptube,ECSW1.315,2023-11-22,4:53 PM,JXG124708
Kare Bash,Snaptags,SCI Courtyard,2023-09-03,6:30 PM,KXF686091
Chatterbridge Social 1,Mydeon,HH Lecture Hall,2023-11-23,6:52 PM,AXH476963
Innojam Workshop 6,Jazzy,Northside,2023-09-05,2:27 PM,CXR665473
Shufflester Workshop 6,Gigaclubbing,SCI Courtyard,2023-09-19,12:49 PM,GXJ488284
Dabshots Fundraiser 6,Skipfire,ECSW1.315,2023-09-06,5:51 PM,NXE251765
Bubblebox Social 6,Jabbertype,HH Lecture Hall,2023-08-27,10:35 AM,BXE892247
Oyope Party 4,Mynte,Student Union,2023-08-31,11:10 AM,BXM805373
Fatz Bash,Oyope,HH Lecture Hall,2023-09-03,7:14 PM,AXK151758
Livetube Fundraiser,Brainbox,JO4.614,2023-11-04,1:32 PM,SXT805593
Skyndu Bash,Skimia,Student Union,2023-09-25,7:13 PM,KXL908960
Snaptags Meet and Greet with Guest,Riffpaths,ECSW1.315,2023-11-13,4:16 PM,HXG999596
Gigashots Bash 2,Roombo,Student Union,2023-09-11,2:30 PM,MXC923952
Gigashots Fundraiser 12,Avamba,SCI Courtyard,2023-09-06,12:57 PM,SXL329244
Edgeify Meet and Greet with Guest,Jayod,SCI,2023-12-05,4:13 PM,MXR779928