StudentNetID,OrgName
TXC533774,Innojam
KXM473465,Youtagses
PXV375908,Camidon
RXI315044,Kayveo
KXD490651,Tagchat
JXD573019,Thoughtstormed
OXD540750,Edgeclub
DXM392864,Zooxox
CXV744128,Oozz
TXS786873,Pixopen
RXD568793,Skipstorm
VXC776718,Tazz
RXM371745,Zoombeat
SXE342366,Tagopia
CXS779721,Miboo
GXF636093,Bluejam
KXR433931,Fivebridge
IXB363722,Riffpedia
JXS315827,Babbleblab
NXB307001,Cogidoon
CXS862325,Gabvines
MXA807415,Avavee
JXG608300,Trunyx
CXD851490,Quatz Club
SXB299961,Pixonyx
DXC528286,Leexo
CXB168165,Innojam
SXD997511,Youtagses
MXS860185,Camidon
HXG215991,Kayveo
MXD688026,Tagchat
EXW843152,Thoughtstormed
MXT887651,Edgeclub
BXA995928,Zooxox
BXW600167,Oozz
MXI588718,Pixopen
VXA563089,Skipstorm
SXQ789806,Tazz
DXJ810886,Kayveo
KXL638633,Tagopia
JXC941126,Tagopia
MXW740652,Tagopia
MXC388390,Miboo
SXT869584,Bluejam
CXB678975,Fivebridge
MXK494333,Riffpedia
CXT492751,Babbleblab
GXK857555,Cogidoon
JXT185910,Gabvines
EXD602701,Avavee
TXL941112,Trunyx
CXF142184,Quatz Club
CXR337182,Pixonyx
HXT186219,Leexo
NXC936714,Innojam
GXT260443,Youtagses
VXK770306,Camidon
TXB296738,Kayveo
DXF429859,Tagchat
RXB130348,Thoughtstormed
CXB810895,Edgeclub
SXS632526,Pixonyx
CXB458092,Leexo
SXC872276,Topicware
SXM571497,Shufflesters
IXB579161,Demivee
TXF193037,Jatri
JXB985857,Yadel
TXB464040,Buzzster
MXP347786,Kwilith
BXC673335,Babbleset
CXP366854,Fatz
JXE752089,Dabshot
HXS118963,Yato
IXA959849,Fatzx
KXT142087,Youspanz
MXA873246,Skinte
MXK907100,Jaloo
DXD688642,Roombobo
BXN496527,Quatz
ZXM894147,Skiptubes
AXR686602,Cogidoo
PXP639325,Thoughtmix
DXS205572,Flipstorm
LXM913140,Gigashot
AXC723749,Devshare
CXR961739,Devshare
GXG718789,Devshare
IXH370159,Devshare
TXD350574,Devshare
RXD728046,Skipstorm
TXP586750,Skipstorm
NXA911053,Oozz
NXG920372,Oozz
OXG829663,Pixonyx
JXD727924,Pixonyx
WXR900099,Pixonyx
HXF922283,Pixonyx
PXI529752,Pixonyx
HXW287151,Pixonyx
SXN358835,Pixonyx
MXK971592,Pixonyx
AXM308310,Pixonyx
TXD596581,Pixonyx
LXR942269,Miboo
RXM758661,Miboo
GXD720725,Miboo
SXS270070,Cogidoo
RXP535507,Flipstorm
AXC542596,Flipstorm
NXO902869,Flipstorm
SXD544839,Cogidoo
GXA723194,Cogidoo
DXM798918,Skiptubes
NXY544269,Cogidoo
AXB148492,Cogidoo
CXR865221,Skiptubes
BXD124869,Skiptubes
VXI889256,Skiptubes
JXW256158,Cogidoo
NXE302860,Fanoodle
BXD270375,Cogidoo
LXD303347,Fanoodle
AXR320530,Fanoodle
DXV220138,Fanoodle
EXD646469,Fanoodle
IXW686570,Fanoodle
KXO569712,Fanoodle
GXK175823,Fanoodle
TXM848250,Fanoodle
RXQ595475,Fanoodle
DXW834140,Kazion
SXW964184,Kazion
WXD399791,Kazion
LXW762896,Fanoodle
BXG449148,Kazion
VXM251324,Kazion
MXM632867,Kazion
BXF501577,Fanoodle
LXY893044,Kazion
AXI934403,Avambam
MXS733408,Shufflester
RXS527574,Kare
TXF423322,Shufflester
MXK912492,Shufflester
JXW602120,Shufflester
KXC184476,Shufflester
AXF443583,Kare
BXC259645,Shufflester
AXB971554,Shufflester
GXS686660,Shufflester
LXP528390,Kare
CXB783505,Avambam
LXM891327,Kare
DXJ993067,Kare
CXC732912,Kare
HXS962694,Kare
DXE728632,Avambam
AXD261408,Avambam
RXR293545,Avambam
WXD649262,Avambam
BXM659269,Avambam
RXM924818,Avambam
GXB136517,Avambam
JXO286737,Avambam
AXS180466,Avambam
PXA604492,Avambam
KXB233227,Avambam
MXJ181888,Yakidoo
HXG863976,Yakijo
CXD603925,Agivu
FXT527361,Youspans
EXC293121,Babbleopia
BXH612927,Kazion
VXC845546,Wikizz
NXR197829,Dabvine
AXO424228,Katzx
AXA299273,Mydeom
IXJ732929,Jabberstorm
AXD761280,Yakidoo
OXN666025,Yakidoo
RXW746206,Yakidoo
HXC895962,Yakidoo
EXJ372001,Yakidoo
DXH254471,Yakidoo
BXG152245,Yakidoo
MXJ670500,Yakidoo
AXU708626,Yakidoo
IXR122823,Babbleopia
JXR232150,Babbleopia
GXF486665,Babbleopia
AXS998240,Babbleopia
VXD458853,Babbleopia
CXF386031,Babbleopia
DXB838724,Babbleopia
NXG491564,Avambam
SXF154891,Avambam
CXC993896,Avambam
LXD548293,Avambam
BXO313093,Avambam
RXC184224,Avambam
OXP395556,Yakidoo
TXH543734,Babbleopia
LXL274006,Babbleopia
BXV568390,Babbleopia
KXM488551,Babbleopia
EXH946060,Babbleopia
RXO678333,Avambam
MXB761864,Avambam
TXS683734,Avambam
SXB621492,Avambam
JXT689810,Avambam
RXS626262,Avambam
HXR440041,Yakidoo
CXL621385,Agivu
MXS375051,Agivu
BXF382757,Agivu
GXR837551,Agivu
GXB403223,Agivu
MXC378394,Dabvine
GXW601173,Dabvine
AXK539633,Dabvine
GXD905638,Dabvine
EXB350120,Dabvine
JXQ364458,Dabvine
GXC779101,Dabvine
YXR167424,Dabvine
EXO112888,Dabvine
TXL598690,Dabvine
DXB732547,Agivu
JXH330734,Agivu
EXT909730,Agivu
FXF707660,Dabvine
AXC154541,Jaloo
RXG314215,Jaloo
BXL141789,Jaloo
RXF196602,Agivu
MXR757082,Agivu
AXH159798,Agivu
AXN178490,Agivu
UXP220164,Dabvine
RXS212222,Jaloo
DXB923914,Jaloo
AXS335119,Jaloo
DXB744630,Wikizz
FXV916719,Wikizz
PXW972772,Wikizz
CXN269530,Wikizz
AXK359142,Wikizz
OXP122022,Wikizz
AXH106989,Wikizz
CXM404502,Wikizz
SXO560266,Babbleopia
MXT471865,Babbleopia
DXH364200,Babbleopia
LXW691001,Avambam
SXI634940,Avambam
BXS928525,Avambam
PXD871836,Avambam
CXH204728,Avambam
AXW621705,Avambam
BXR102443,Yakidoo
GXL995377,Fanoodle
DXC896632,Fanoodle
IXP586197,Fanoodle
JXP820093,Kazion
GXS260728,Kazion
MXT979080,Kazion
RXF175637,Fanoodle
MXS524934,Kazion
DXC161131,Kazion
SXD630544,Kazion
RXK990236,Fanoodle
GXS368663,Kazion
VXF660946,Avambam
XXM226566,Shufflester
GXF296792,Pixopen
HXJ827473,Skipstorm
CXF849391,Tazz
PXD790821,Zoombeat
FXT371550,Tagopia
RXC846648,Miboo
EXS689871,Bluejam
JXC461577,Fivebridge
AXD733998,Riffpedia
JXP706116,Babbleblab
MXH601766,Cogidoon
GXD364403,Gabvines
SXS579104,Avavee
LXC894328,Trunyx
PXD536339,Quatz Club
KXS636844,Pixonyx
SXB255028,Leexo
DXE265066,Innojam
GXW334310,Youtagses
ZXF319070,Camidon
FXS654552,Kayveo
RXW662177,Tagchat
EXG313509,Kazion
FXS528732,Kazion
TXB588105,Fanoodle
GXM350541,Kazion
WXT102394,Kazion
TXB702496,Kazion
AXA462236,Fanoodle
NXS816645,Kazion
MXW259249,Avambam
EXY509156,Shufflester
DXL919108,Pixopen
FXF858360,Skipstorm
TXD805978,Tazz
AXP692209,Zoombeat
SXM656818,Tagopia
HXD468602,Miboo
KXP528798,Yodon
HXS516241,Realfire
SXP484108,Teklisted
NXI784639,Yozio
DXB542333,Viva
NXC905722,Youspam
SXM149507,Photofeed
RXW303447,Zoomlounge
CXD450964,Oodoo
JXK769257,Quired
HXD252277,Pixonyx
BXG927442,Leexo
MXT434806,Innojam
GXT772561,Youtagses
MXD578577,Leexo
RXM491167,Innojam
MXD236744,Youtagses
WXH604467,Camidon
SXV618925,Kayveo
BXM521266,Tagchat
MXG290739,Thoughtstormed
TXW654399,Edgeclub
DXS940985,Zooxox
SXC263452,Oozz
AXH824365,Pixopen
RXS969318,Skipstorm
AXE273576,Tazz
MXI546704,Realfire
MXF598379,Tagopia
MXM782883,Tagopia
GXB646495,Tagopia
DXJ680053,Miboo
DXP237058,Bluejam
CXM764108,Fivebridge
AXM116453,Riffpedia
FXC827948,Babbleblab
DXC755143,Realfire
VXM547052,Gabvines
SXG628728,Avavee
DXJ132888,Trunyx
KXB151596,Quatz Club
AXD335034,Pixonyx
BXT614944,Leexo
FXL549416,Innojam
BXG166629,Youtagses
HXM685422,Camidon
HXC114491,Kayveo
AXE231188,Tagchat
SXC415956,Thoughtstormed
CXM109237,Edgeclub
AXN204350,Pixonyx
EXB986304,Leexo
PXS622012,Topicware
LXF734134,Shufflesters
EXO324754,Demivee
KXJ105423,Jatri
IXM370224,Yadel
EXA628290,Buzzster
SXG417504,Kwilith
RXB619680,Babbleset
DXP306977,Fatz
SXP175933,Dabshot
KXT917222,Yato
KXW889965,Fatzx
AXC298540,Youspanz
MXS285871,Skinte
MXF413666,Jaloo
NXF497680,Roombobo
DXB576243,Quatz
RXN776697,Skiptubes
VXB680469,Cogidoo
JXL918298,Thoughtmix
JXB449587,Flipstorm
DXF806739,Gigashot
BXS693811,Devshare
BXR309801,Yodon
TXK811134,Realfire
MXS643077,Teklisted
RXD771613,Teklisted
CXF894016,Teklisted
KXC109757,Teklisted
DXE209024,Teklisted
RXY692802,Realfire
IXF967973,Realfire
SXR751228,Teklisted
RXF932428,Teklisted
MXB239459,Gigashot
MXT305094,Gigashot
WXL906226,Gigashot
HXH436079,Gigashot
HXM358497,Realfire
RXM723036,Realfire
EXK679384,Realfire
MXF756384,Realfire
RXH467312,Realfire
FXO813329,Zoombeat
HXK748339,Zoombeat
PXD302336,Zoombeat
AXE792919,Zoombeat
LXR810624,Zoombeat
ZXA576153,Zoombeat
LXB227815,Zoombeat
FXM403290,Tazz
AXG119587,Tazz
MXS858957,Tazz
CXE109838,Tazz
EXB532084,Tazz
MXC981589,Oozz
CXB256348,Oozz
CXS200789,Oozz
UXS116210,Skipstorm
GXV640872,Skipstorm
MXJ206427,Skipstorm
EXS528930,Skipstorm
MXP688205,Oozz
BXD589825,Oozz
JXM896887,Pixonyx
WXF567836,Pixonyx
JXR194657,Pixonyx
PXD279268,Pixonyx
IXB186424,Pixonyx
TXW819011,Pixonyx
BXV503089,Pixonyx
LXO639822,Pixonyx
AXB463079,Pixonyx
WXP523985,Pixonyx
NXD854693,Miboo
HXM750525,Miboo
DXC325113,Miboo
KXH567835,Miboo
TXG792314,Miboo
CXH986868,Miboo
MXL481520,Pixonyx
FXB635929,Pixonyx
JXA560329,Pixonyx
JXP778773,Pixonyx
TXB408541,Camidon
AXM484324,Camidon
CXJ960952,Camidon
NXS904133,Camidon
BXD270120,Camidon
PXR755720,Camidon
MXM133396,Camidon
EXH875635,Camidon
IXA259702,Thoughtmix
RXG504690,Thoughtmix
AXM183091,Thoughtmix
AXE689298,Thoughtmix
TXC575252,Thoughtmix
BXD128280,Camidon
KXP205764,Camidon
LXG184751,Kat
CXN653039,Skipfires
BXS347570,Roodel
MXD781634,Skiptubed
OXA714495,Rooxo
AXS838596,Gevee
CXG295714,Tazzy
CXF676550,Kat
BXR504078,Kat
VXD105187,Kat
GXE986197,Kat
SXK274297,Skipfires
BXI772727,Skipfires
KXS299110,Skipfires
AXC145984,Skipfires
DXD562484,Skipfires
CXH223015,Skipfires
SXM773470,Skipfires
MXW927606,Skipfires
JXD290034,Rooxo
RXL817823,Rooxo
CXV264638,Rooxo
CXM286120,Rooxo
AXB730727,Rooxo
KXV903580,Rooxo
OXC983234,Tazzy
JXA678789,Tazzy
CXD754280,Rooxo
BXP492778,Rooxo
CXS584690,Skipfires
GXP780785,Tazzy
MXB141702,Tazzy
BXM919587,Tazzy
JXP937010,Tazzy
TXR950927,Tazzy
KXM417781,Gevee
EXW526246,Tazzy
MXS194884,Tazzy
SXE963848,Gevee
CXK685831,Tazzy
FXM881186,Tazzy
PXJ610605,Tazzy
VXM612628,Gevee
AXK525020,Tazzy
FXS465087,Tazzy
HXd324426,Gevee
DXB799007,Gevee
RXG818151,Gevee
NXG462070,Gevee
GXZ793764,Gevee
AXL259673,Gevee
VXL436307,Gevee
ZXR735811,Gevee
KXC300726,Gevee
MXS452648,Gevee
JXT224486,Gevee
TXH646275,Gevee
TXT597067,Gevee
ZXC125244,Gevee
LXC168164,Gevee
KXC352903,Edgeify
DXR980478,Eamiam
LXI421589,Rhynoodle
LXG450702,Edgeify
PXR530165,Eamiam
OXC439026,Rhynoodle
AXM493800,Jabbersphere
KXM184361,Skimiam
DXE261790,LiveZ
CXL499282,Feedfire
TXG350027,Skimiam
ZXR883985,Skimiam
OXS887375,Skimiam
AXR612028,Skimiam
CXC545949,Skimiam
MXJ917543,LiveZ
SXT740391,LiveZ
SXT716420,LiveZ
BXS396975,LiveZ
NXG587198,LiveZ
BXG406650,LiveZ
MXB831772,LiveZ
MXR322601,Skimiam
UXP602919,Skimiam
RXN361578,Rooxo
KXI375369,Rhynoodle
HXD679386,Rhynoodle
JXC505807,Rhynoodle
MXF971252,Rhynoodle
JXT881793,Rhynoodle
RXH688774,Rhynoodle
DXJ824673,Rhynoodle
DXB304101,Eamiam
DXL405103,Eamiam
CXS793433,Eamiam
HXA935209,Eamiam
TXS802605,Eamiam
AXH166774,Eamiam
LXO666286,Eamiam
DXM955458,Eamiam
RXB274333,Eamiam
CXW939307,Eamiam
WXC856071,Eamiam
EXR156432,Eamiam
MXM650925,Eamiam
MXP651438,Eamiam
WXH189134,Eamiam
GXP379718,Kare
EXT647921,Kare
MXF101285,Kare
AXH884368,Kare
FXR476357,Avambam
NXM626719,Avambam
LXM781484,Avambam
MXB311487,Avambam
JXS820570,Avambam
JXE626122,Avambam
HXF248250,Avambam
FXS906877,Avambam
MXI111013,Avambam
XXB767725,Avambam
SXT659731,Avambam
MXT962328,Yakidoo
HXW511187,Yakijo
BXR783095,Agivu
CXS310276,Youspans
JXP339592,Babbleopia
JXD466601,Kazion
EXK160414,Wikizz
AXT928496,Dabvine
GXF950053,Innojam
GXV929933,Youtagses
CXW292065,Camidon
MXT437520,Kayveo
CXP517357,Tagchat
LXR731223,Thoughtstormed
KXS709773,Edgeclub
MXP490434,Zooxox
KXR416092,Oozz
IXS602579,Pixopen
KXI555668,Skipstorm
TXD868807,Tazz
AXW348908,Zoombeat
BXM822092,Tagopia
BXI642098,Miboo
DXK308116,Bluejam
CXB826398,Fivebridge
RXH796224,Riffpedia
CXC528907,Babbleblab
JXM794921,Cogidoon
VXd246718,Gabvines
SXP273689,Avavee
AXP352255,Trunyx
DXP951064,Quatz Club
MXS660714,Pixonyx
OXS934252,Leexo
DXK308829,Innojam
EXQ770501,Youtagses
KXR529856,Camidon
DXC323760,Kayveo
CXC419941,Tagchat
BXS879282,Thoughtstormed
MXP443295,Edgeclub
PXL810590,Zooxox
RXD420228,Oozz
DXN204521,Pixopen
CXC177883,Skipstorm
AXF508876,Tazz
KXA871201,Kayveo
MXR887028,Tagopia
WXD140220,Tagopia
XXD659618,Tagopia
KXO546589,Miboo
AXW151965,Bluejam
CXS449497,Fivebridge
TXJ279726,Riffpedia
JXS289261,Babbleblab
FXW850441,Cogidoon
MXB644201,Gabvines
MXS333001,Avavee
IXE984796,Trunyx
FXS164111,Quatz Club
CXV298515,Pixonyx
CXJ741800,Leexo
IXR824634,Innojam
AXS175778,Youtagses
GXM921949,Camidon
CXF888288,Kayveo
HXS942919,Tagchat
HXB198929,Thoughtstormed
WXM894926,Edgeclub
GXK998166,Pixonyx
MXB774229,Leexo
LXE158618,Topicware
FXM906063,Shufflesters
TXD172153,Demivee
TXB648136,Mybuzz
CXK827470,Yadel
SXG353764,Buzzster
TXB824601,Kwilith
HXH646403,Babbleset
VXM216429,Fatz
AXL910789,Dabshot
WXD224149,Yato
EXT282270,Fatzx
FXT912492,Youspanz
MXM601940,Skinte
TXC253639,Jaloo
AXH628262,Roombobo
BXN858997,Quatz
JXB550234,Skiptubes
SXS458057,Cogidoo
AXG300439,Thoughtmix
RXT657191,Flipstorm
TXC945433,Gigashot
GXD110157,Devshare
LXA138353,Devshare
GXB141841,Devshare
CXM476184,Devshare
PXC299668,Devshare
IXY227663,Skipstorm
LXC496154,Skipstorm
TXP855743,Oozz
RXI295383,Oozz
LXS847662,Pixonyx
WXF364526,Pixonyx
HXP289510,Pixonyx
LXW951661,Pixonyx
SXA542558,Pixonyx
UXW913833,Pixonyx
BXR650712,Pixonyx
MXL999430,Pixonyx
WXS107456,Pixonyx
JXG437256,Kazio
FXB897003,Browsetype
BXO990523,Skiba
IXK937764,Quire
FXM245819,Voonyx
KXL666795,Zoomzone
LXB210237,Poker Club
AXS561916,Camimbo
DXB421146,Mymm
GXJ696644,Mybuzz
MXM224647,Golf Club
BXW134485,Youspan
MXG556735,Youtags
TXI659968,Pixope
MXK894412,Aimbu
AXC964133,Trupe
CXH805110,Dabshots
KXH556478,Browsetype
RXT447111,Browsetype
LXB552970,Browsetype
MXH774465,Kazio
LXB201202,Browsetype
ZXP589326,Browsetype
JXP686807,Browsetype
JXC151632,Kazio
CXK454161,Browsetype
SXV655090,Kazio
EXL921121,Kazio
AXG237517,Kazio
TXG344766,Kazio
CXB520727,Kazio
AXH441829,Kazio
HXG683748,Mymm
BXK139718,Mymm
JXL359769,Mymm
SXV922243,Mymm
IXE746522,Mymm
AXF191481,Youspan
BXL975756,Youspan
CXG361747,Youspan
KXS440043,Camimbo
CXK433972,Camimbo
CXD279723,Camimbo
MXB998488,Camimbo
RXK896239,Camimbo
JXF162399,Camimbo
TXC580332,Youspan
JXC648072,Youspan
CXV305754,Youspan
KXB651901,Camimbo
LXR943786,Youspan
KXF806348,Youspan
TXS615530,Youspan
JXM482954,Youspan
RXT142180,Dabshots
DXS333262,Dabshots
TXB291388,Dabshots
MXR634199,Dabshots
YXM343353,Trupe
AXB563026,Trupe
BXM789593,Trupe
BXV190846,Trupe
FXS395506,Trupe
WXB628879,Dabshots
CXP840315,Dabshots
VXT273060,Dabshots
WXP748647,Dabshots
BXR419961,Dabshots
EXL570309,Golf Club
HXA987293,Golf Club
BXL604721,Golf Club
AXH113107,Golf Club
SXB843754,Golf Club
SXW873495,Mybuzz
LXF259429,Golf Club
DXR986620,Golf Club
KXR885767,Mybuzz
TXD535522,Mybuzz
AXB699860,Mybuzz
HXM347903,Mybuzz
MXM159903,Mybuzz
LXB488702,Mybuzz
FXD775204,Mybuzz
PXC308937,Leexo
AXL460141,Innojam
BXK976041,Youtagses
KXY430413,Camidon
LXB847397,Kayveo
IXK215643,Tagchat
TXH478557,Thoughtstormed
KXB956331,Edgeclub
MXH256310,Pixonyx
BXT520552,Leexo
DXW195933,Topicware
DXV757030,Shufflesters
GXM741937,Demivee
CXS153090,Mybuzz
BXD712003,Yadel
AXN919113,Buzzster
JXC921269,Kwilith
PXF926513,Babbleset
MXB136576,Fatz
SXT388363,Dabshot
BXL280036,Yato
KXE372396,Fatzx
AXC390634,Youspanz
AXH634487,Skinte
TXL725093,Jaloo
WXB894987,Roombobo
BXP676333,Quatz
EXM921445,Skiptubes
SXL270790,Cogidoo
TXH218997,Thoughtmix
FXB358476,Flipstorm
LXB580970,Gigashot
GXM894625,Devshare
WXD916260,Devshare
LXB194747,Devshare
DXA183428,Devshare
FXW863179,Devshare
AXD163695,Skipstorm
EXC558513,Skipstorm
KXD163331,Oozz
JXG305909,Oozz
NXO155344,Pixonyx
KXH947269,Pixonyx
TXD384677,Pixonyx
AXS295208,Pixonyx
CXH993462,Pixonyx
BXV412472,Pixonyx
HXO426524,Pixonyx
PXS348622,Pixonyx
NXB767833,Pixonyx
CXP480186,Kazio
RXW691281,Browsetype
CXD986282,Skiba
EXR824127,Quire
JXA777513,Voonyx
GXS244330,Zoomzone
JXC230408,Poker Club
CXL653748,Camimbo
IXH776486,Mymm
YXP337004,Mybuzz
LXR947129,Golf Club
MXG716724,Youspan
JXB947331,Youtags
PXA347912,Pixope
JXP652255,Aimbu
IXP582807,Trupe
HXS249140,Dabshots
SXF518107,Browsetype
VXC162613,Browsetype
BXB855212,Browsetype
KXL735204,Kazio
FXD335828,Browsetype
RXC215566,Browsetype
SXW425578,Browsetype
VXW842738,Kazio
MXG432646,Browsetype
MXA911122,Kazio
TXC986008,Kazio
CXP336371,Kazio
DXK285402,Kazio
KXK550025,Golf Club
PXY380540,Golf Club
FXN447414,Mybuzz
FXP501624,Golf Club
IXV793876,Golf Club
JXB147738,Mybuzz
BXI610535,Mybuzz
NXJ500370,Mybuzz
GXE721265,Mybuzz
JXL421074,Mybuzz
MXR266184,Mybuzz
KXC441275,Mybuzz
BXR712280,Leexo
GXH336722,Innojam
PXF106915,Youtagses
DXJ880051,Camidon
SXL910817,Kayveo
LXS910965,Tagchat
CXK435709,Thoughtstormed
LXA889148,Edgeclub
AXF180970,Pixonyx
NXB718462,Gigashots
DXA846756,Ntag
SXG402039,Digitube
JXD605395,Brainlounge
OXP252758,Aibox
JXC382246,Skyndun
SXH933371,Linkbridge
LXR492438,Yacero
KXS130286,Flipbug
RXF376346,Abata
BXK699553,Plajo
MXB139039,Chatterbridge
MXS401419,Eazzy
LXK222246,Teklist
TXH799554,Flashset
CXL420687,Livetube
TXD675130,Yata
TXP555756,Avaveo
GXB153108,Youfeed
KXR905077,Voonder
MXL135485,Eamia
CXH761213,Gigaclub
PXS103878,Quamba
CXM494056,Gigashots
JXS566037,Ntag
AXR529667,Digitube
EXP931929,Brainlounge
YXC352787,Aibox
KXN388173,Skyndun
KXT110283,Linkbridge
LXC200056,Yacero
CXW166951,Flipbug
LXB246835,Abata
LXG379628,Plajo
IXF325654,Chatterbridge
BXE109133,Eazzy
LXY863902,Teklist
MXF533643,Flashset
AXS424527,Livetube
BXB557439,Yata
KXG397849,Avaveo
WXS887393,Youfeed
LXM449207,Voonder
FXL985058,Eamia
BXW944668,Gigaclub
WXS833191,Quamba
WXO966503,Gigashots
SXG480463,Ntag
CXG356805,Digitube
TXC904398,Brainlounge
TXG531657,Aibox
RXB807961,Skyndun
AXB877453,Skyndun
BXE853659,Skyndun
CXK724802,Flipbug
MXK167371,Abata
MXG970390,Plajo
GXS668465,Chatterbridge
JXM704599,Chatterbridge
AXG502236,Chatterbridge
GXM790614,Chatterbridge
RXS277664,Chatterbridge
MXW179002,Chatterbridge
SXI338271,Avaveo
HXF540744,Youfeed
AXK518127,Voonder
BXL746702,Eamia
OXR357363,Gigaclub
KXO765130,Gigaclub
DXW844236,Gigaclub
JXG661275,Gigaclub
BXL140377,Gigaclub
OXC128408,Gigaclub
AXA584325,Edgewire
CXP637674,Devpoint
JXP188637,Twitterbridge
GXE669200,Zoomdog
AXT205374,Gigazoom
NXL881126,Blogspan
EXS174422,Vinte
LXR852658,Realcube
HXM146763,Katz
KXC578222,Zooxo
RXY971381,Jayo
LXR858789,Quaxo
TXP909331,Fatzxc
EXM121489,Layo
VXH296442,Devpointed
GXD659357,Flashpoint
AXP412551,Dabfeed
RXH287103,Blogtags
JXG507714,Midel
JXO807960,Eamiao
OXC403337,Camido
AXS232057,Riffpath
NXT527753,Zoonoodle
JXT798972,Demizz
PXL267544,Livepath
HXP731703,Kats
PXL263887,Oyoyo
SXT455061,Tagpad
EXS271765,Kwimbee
TXG505189,Fliptune
KXA945427,Ozu
CXW126673,Laz
AXS186956,Jamia
LXG329790,Lazz
EXA532142,Kwimbeem
JXG621739,Skaboo
GXE945228,Edgewire
KXD620008,Devpoint
GXM964489,Twitterbridge
DXR996904,Zoomdog
BXS465284,Gigazoom
AXH369553,Blogspan
KXD361305,Vinte
FXR381784,Realcube
LXA817570,Katz
AXP464064,Zooxo
CXT570088,Jayo
BXT593501,Quaxo
PXW513947,Fatzxc
LXA723873,Layo
MXB653607,Devpointed
CXJ440461,Flashpoint
AXP444602,Dabfeed
GXR103770,Blogtags
MXS586199,Midel
NXF589252,Eamiao
JXG667041,Camido
LXB341919,Riffpath
CXK157860,Zoonoodle
JXH973996,Demizz
MXM134688,Livepath
RXB531540,Kats
DXF544383,Oyoyo
RXA228958,Tagpad
DXC619042,Kwimbee
SXD482644,Fliptune
MXS508971,Ozu
TXB503861,Laz
AXH420789,Jamia
NXC877054,Lazz
UXP424323,Kwimbeem
JXT765736,Skaboo
BXP125068,Avambam
KXK921963,Avambam
AXB611971,Avambam
FXO443999,Avambam
EXC973817,Yakidoo
MXW422099,Fanoodle
TXA981069,Fanoodle
JXB645023,Fanoodle
LXD843095,Kazion
CXB591009,Kazion
KXP730306,Kazion
AXA733610,Fanoodle
WXF629035,Kazion
KXM120706,Kazion
MXF376997,Kazion
AXB404395,Fanoodle
DXH442712,Kazion
LXB609515,Avambam
RXD177467,Shufflester
AXC746191,Pixopen
CXD385833,Skipstorm
SXC927026,Tazz
TXP694466,Zoombeat
MXH216146,Tagopia
CXL731131,Miboo
HXR322800,Bluejam
FXE936650,Fivebridge
LXG585298,Riffpedia
MXD553864,Babbleblab
EXH725960,Cogidoon
CXM845093,Gabvines
PXC430842,Avavee
EXW689526,Trunyx
LXP420274,Quatz Club
SXC403857,Pixonyx
DXD273765,Leexo
AXF465781,Innojam
AXG871874,Youtagses
BXS586985,Camidon
GXS815959,Kayveo
MXS932460,Twitterbridge
AXP857111,Zoomdog
EXT908638,Gigazoom
CXC647481,Blogspan
SXD472901,Vinte
CXH147154,Realcube
DXB461110,Katz
HXB336177,Zooxo
AXL271655,Jayo
LXS198932,Quaxo
RXM958001,Fatzxc
MXC859388,Layo
BXS545654,Devpointed
AXF998203,Flashpoint
NXK309486,Dabfeed
CXM183724,Blogtags
SXT168848,Midel
SXK971139,Eamiao
KXW800683,Camido
HXR760429,Riffpath
TXW191842,Zoonoodle
DXH162908,Demizz
AXP610751,Livepath
SXT852634,Kats
RXE201420,Oyoyo
BXD436619,Tagpad
YXM460572,Kwimbee
BXE851465,Fliptune
JXC117248,Ozu
DXB623522,Laz
HXM198699,Jamia
JXC594349,Lazz
LXG797329,Kwimbeem
GXD428425,Skaboo
JXV556370,Twitterbridge
SXA144097,Zoomdog
EXB113903,Gigazoom
KXD962224,Blogspan
CXM826148,Vinte
BXG677217,Realcube
PXG968763,Katz
GXZ758012,Zooxo
BXA836915,Jayo
AXH807647,Jayo
CXR978222,Jayo
TXV170082,Jayo
EXH992918,Jayo
ZXF261761,Jayo
RXL576173,Dabfeed
SXM929935,Blogtags
RXG623596,Midel
DXC947118,Eamiao
AXP751135,Camido
GXH571701,Riffpath
BXK307157,Zoonoodle
TXT574367,Demizz
AXJ481486,Livepath
RXS563149,Kats
DXG628067,Kats
BXB119085,Kats
KXF771619,Kats
MXL479847,Kats
NXD688056,Ozu
AXF840916,Laz
TXB228249,Jamia
BXD768943,Lazz
WXH327030,Lazz
SXM876500,Lazz
MXG213663,Lazz
AXC296262,Lazz
JXH534671,Lazz
EXG750413,Lazz
AXU268147,Lazz
BXM429156,Lazz
CXO634863,Lazz
GXG351511,Lazz
DXB197480,Kwimbeem
EXC477025,Kwimbeem
JXK459922,Kwimbeem
LXA704728,Kwimbeem
KXM357771,Kwimbeem
DXD357007,Kwimbeem
BXM209667,Lazz
MXS434451,Lazz
DXC493616,Lazz
LXI150765,Lazz
KXG455583,Lazz
FXS649955,Kwimbeem
VXF535077,Skaboo
NXL722695,Twitterbridge
GXP220828,Zoomdog
PXE883419,Gigazoom
FXJ365808,Blogspan
OXB384430,Blogspan
AXH591821,Blogspan
DXH567414,Blogspan
JXW147461,Blogspan
MXS930584,Blogspan
AXS855429,Blogspan
OXG863403,Blogspan
JXW823937,Blogspan
EXR623615,Eamiao
MXD741082,Camido
EXM682113,Riffpath
PXE946737,Zoonoodle
EXS874630,Demizz
FXM361184,Livepath
HXB834858,Kats
EXD604108,Kats
JXH592032,Kats
RXS732226,Kats
DXF777416,Kats
NXB319903,Ozu
AXP865415,Laz
RXG969077,Kwimbeem
TXO242372,Kwimbeem
IXB173838,Kwimbeem
OXP884373,Lazz
CXT294786,Lazz
LXD482395,Lazz
RXH979043,Lazz
MXD839788,Lazz
JXP838229,Kwimbeem
KXD125171,Skaboo
CXS365426,Twitterbridge
HXI258638,Zoomdog
SXH707929,Gigazoom
RXS137724,Blogspan
CXF842413,Tagopia
SXH319203,Miboo
RXD203465,Bluejam
FXB988277,Fivebridge
IXT799599,Riffpedia
LXF277638,Babbleblab
JXG970603,Cogidoon
HXS198548,Gabvines
LXB564298,Avavee
BXS250307,Trunyx
JXO508521,Quatz Club
GXM863242,Pixonyx
IXC514263,Leexo
HXH661414,Innojam
WXL125198,Youtagses
GXC769441,Camidon
WXD278942,Kayveo
OXD583207,Twitterbridge
AXC320057,Zoomdog
NXI612303,Gigazoom
SXD329553,Blogspan
NXJ745372,Vinte
MXD419977,Realcube
JXD679612,Katz
TXB108780,Zooxo
RXC754463,Jayo
CXB104847,Quaxo
JXT141359,Fatzxc
IXB278531,Layo
RXC653923,Bluejam
JXW373204,Fivebridge
SXV514366,Riffpedia
MXQ605502,Babbleblab
NXK503964,Cogidoon
DXC171315,Gabvines
HXM430832,Avavee
KXT827939,Trunyx
MXK278238,Quatz Club
CXM448990,Pixonyx
IXS651131,Leexo
GXH507141,Innojam
AXM692357,Youtagses
RXM444188,Camidon
UXE435584,Kayveo
RXF215416,Tagchat
UXG533778,Thoughtstormed
IXS958575,Edgeclub
GXM452560,Pixonyx
TXJ564487,Leexo
PXS437947,Topicware
SXH744398,Shufflesters
DXC669037,Demivee
CXB212356,Jatri
BXW930276,Yadel
LXP371623,Buzzster
TXA834483,Kwilith
VXB513856,Babbleset
UXW178393,Fatz
AXR732483,Dabshot
BXD497020,Yato
SXM731637,Fatzx
SXJ263314,Youspanz
EXL117910,Skinte
FXT451006,Jaloo
LXK796922,Roombobo
LXK955380,Quatz
DXU351867,Skiptubes
RXO812430,Cogidoo
AXS795899,Thoughtmix
PXH455815,Flipstorm
HXF112637,Gigashot
DXR389474,Devshare
RXD790384,Devshare
DXC798289,Devshare
JXB469405,Devshare
AXB937461,Devshare
KXM534995,Skipstorm
SXG478936,Skipstorm
YXS450023,Oozz
LXR657631,Oozz
CXR859326,Pixonyx
AXF478107,Pixonyx
SXC333233,Pixonyx
VXK231442,Pixonyx
NXK158971,Pixonyx
RXS554382,Pixonyx
SXW234829,Pixonyx
MXB995663,Pixonyx
GXS857725,Pixonyx
NXF464704,Pixonyx
MXB352406,Miboo
IXL172367,Miboo
MXM707005,Miboo
GXB833868,Cogidoo
RXD453323,Flipstorm
CXL629635,Flipstorm
SXF282325,Flipstorm
GXD841381,Cogidoo
AXP695206,Cogidoo
GXD196760,Skiptubes
MXO870738,Cogidoo
VXT623470,Cogidoo
BXA453105,Skiptubes
EXF203238,Skiptubes
AXH849716,Lazz
HXE385566,Lazz
JXM537498,Lazz
TXR973791,Lazz
IXT591842,Kwimbeem
GXH198644,Skaboo
SXB501677,Twitterbridge
SXO268719,Zoomdog
BXP514223,Gigazoom
IXE639665,Blogspan
CXO401762,Blogspan
CXT772687,Blogspan
AXD852057,Blogspan
SXT206131,Blogspan
RXW861078,Blogspan
SXC949517,Blogspan
YXD775490,Blogspan
KXF443332,Blogspan
CXB493555,Eamiao
EXB246784,Camido
RXT694009,Riffpath
RXM468056,Zoonoodle
DXS942856,Demizz
TXD513803,Livepath
DXT821362,Kats
GXO824708,Kats
GXD765385,Kats
AXS112241,Kats
CXL414341,Kats
HXD574962,Ozu
TXF641347,Laz
DXE494065,Kwimbeem
SXM930480,Kwimbeem
GXB811307,Kwimbeem
AXN286889,Lazz
AXM706364,Lazz
OXG251509,Lazz
CXH562925,Lazz
JXG726517,Lazz
JXO162003,Kwimbeem
NXW809084,Skaboo
TXU367452,Twitterbridge
FXK279670,Zoomdog
DXT215689,Gigazoom
LXC194241,Blogspan
EXB809870,Tagopia
VXS510053,Miboo
FXP295337,Bluejam
SXP116071,Fivebridge
NXW289337,Riffpedia
SXS164698,Babbleblab
WXJ510331,Cogidoon
TXH542842,Gabvines
EXS460532,Avavee
CXS530624,Trunyx
HXG999328,Quatz Club
RXC944071,Lazz
LXS416324,Lazz
GXW837768,Lazz
FXF834420,Lazz
PXE705215,Kwimbeem
MXA429778,Skaboo
NXK267726,Twitterbridge
DXW863770,Zoomdog
MXM593843,Gigazoom
SXS844149,Blogspan
SXG208057,Blogspan
BXB643108,Blogspan
HXF917168,Blogspan
EXS102816,Blogspan
DXH839728,Blogspan
EXA421092,Blogspan
GXB337272,Blogspan
OXN979004,Blogspan
KXB256286,Eamiao
RXD817220,Camido
JXH331047,Riffpath
DXE261214,Zoonoodle
MXP370736,Demizz
GXT904244,Livepath
RXY258180,Kats
AXS481588,Kats
EXM702172,Kats
HXK545548,Kats
KXK402324,Kats
MXL287720,Ozu
FXN163140,Laz
GXA221815,Kwimbeem
TXP109093,Kwimbeem
MXE914428,Kwimbeem
BXI380874,Lazz
KXS265265,Lazz
IXM138865,Lazz
BXB944026,Lazz
EXB168130,Lazz
DXL334704,Kwimbeem
MXB239442,Skaboo
BXD223957,Twitterbridge
PXH789647,Zoomdog
LXS235638,Gigazoom
GXJ282939,Blogspan
KXJ476841,Tagopia
ZXV597920,Miboo
NXH302149,Bluejam
RXC757028,Fivebridge
KXD110423,Riffpedia
BXM161981,Babbleblab
AXT219509,Cogidoon
GXK252314,Gabvines
EXS514635,Avavee
SXH532767,Trunyx
SXR380779,Quatz Club
CXS525507,Pixonyx
BXP649222,Leexo
EXC789142,Innojam
IXC579370,Youtagses
DXW614719,Camidon
CXJ959207,Kayveo
SXW691502,Tagchat
WXA377455,Thoughtstormed
LXL298296,Edgeclub
CXR643131,Pixonyx
FXA360953,Gigashots
SXH505233,Ntag
LXB665790,Digitube
AXC783422,Brainlounge
JXR759251,Aibox
RXG589185,Skyndun
LXS782562,Linkbridge
TXW488759,Yacero
PXP438016,Flipbug
EXF711704,Abata
AXV468935,Plajo
LXK247687,Chatterbridge
EXW987153,Eazzy
VXS823211,Teklist
DXF816947,Flashset
CXB475840,Livetube
SXE333205,Yata
RXS463532,Avaveo
LXS126495,Youfeed
AXC163560,Voonder
PXG894895,Eamia
SXS383996,Gigaclub
GXB440680,Quamba
GXM298236,Gigashots
TXR307629,Tagchat
AXP641886,Tagchat
WXD563710,Tagchat
HXL100382,Tagchat
FXT487074,Tagchat
AXE310073,Tagchat
LXS744697,Tagchat
MXL209597,Tagchat
MXF661149,Tagchat
PXA990471,Tagchat
PXC193459,Tagchat
GXM350890,Tagchat
JXG363429,Tagchat
CXD912239,Abata
DXS484111,Plajo
DXR102233,Chatterbridge
JXL672124,Eazzy
BXR643398,Teklist
TXN988907,Flashset
DXK640794,Livetube
AXM407117,Yata
SXG230470,Avaveo
WXL693535,Youfeed
PXE535126,Youfeed
JXS466829,Youfeed
YXB144999,Youfeed
GXT442716,Youfeed
CXV360536,Youfeed
JXB345130,Youfeed
FXW128407,Youfeed
LXP583553,Youfeed
TXK820933,Youfeed
JXL460978,Edgeclub
GXK237660,Pixonyx
RXB880602,Gigashots
DXL442339,Ntag
CXV448151,Ntag
RXM483484,Ntag
EXA616142,Ntag
DXH968233,Ntag
CXB163400,Ntag
VXB358810,Ntag
HXR119034,Flipbug
AXP934506,Abata
GXM814034,Plajo
CXO851913,Chatterbridge
EXG573052,Eazzy
NXH298702,Teklist
RXM742326,Teklist
NXP112906,Teklist
YXC174012,Teklist
LXM864814,Teklist
WXR478982,Youfeed
KXR869297,Voonder
PXS352759,Trunyx
GXH301054,Quatz Club
TXL800290,Pixonyx
SXJ877412,Leexo
RXL780915,Innojam
MXI729200,Youtagses
YXR898394,Camidon
PXM737843,Kayveo
RXM720583,Tagchat
DXJ539764,Thoughtstormed
RXC524911,Edgeclub
MXS256775,Pixonyx
MXC594185,Gigashots
EXG777305,Ntag
LXL143303,Digitube
HXT658822,Brainlounge
LXW404264,Aibox
DXM667721,Skyndun
BXB298016,Linkbridge
GXP819057,Yacero
IXL549506,Flipbug
KXC701155,Abata
CXF909706,Plajo
JXR180592,Chatterbridge
OXR764083,Eazzy
MXS589513,Teklist
TXM807402,Flashset
AXC407521,Livetube
NXF129461,Livetube
WXF584154,Livetube
OXL871777,Livetube
CXW206649,Livetube
AXL858138,Pixonyx
DXD448533,Leexo
LXH584302,Innojam
DXP315768,Youtagses
AXD815364,Camidon
EXL587145,Kayveo
AXT799312,Tagchat
SXW597224,Thoughtstormed
CXC108566,Edgeclub
TXH295395,Pixonyx
GXB538508,Gigashots
RXC601892,Ntag
EXG816818,Digitube
RXF974052,Brainlounge
AXR190691,Aibox
PXG354152,Skyndun
AXB721183,Linkbridge
RXL223954,Yacero
DXV805270,Flipbug
NXG392624,Abata
DXL433537,Plajo
DXS270833,Plajo
KXP154510,Plajo
DXG275813,Plajo
TXS762659,Plajo
SXK156887,Plajo
TXM684197,Plajo
AXP848231,Plajo
CXJ869404,Plajo
BXB710063,Plajo
KXH581104,Skyndun
LXS575185,Linkbridge
AXH396744,Yacero
YXW132706,Flipbug
RXM593827,Abata
WXT944996,Plajo
BXB105340,Plajo
MXW566929,Plajo
SXA126197,Plajo
EXA888051,Plajo
CXP793296,Plajo
KXB317541,Browsetype
GXE320231,Browsetype
NXR512064,Browsetype
LXC653980,Kazio
WXE611753,Browsetype
JXO868035,Browsetype
JXM714353,Browsetype
RXT260133,Kazio
CXC619943,Browsetype
CXR507142,Kazio
LXG441946,Kazio
GXM764021,Kazio
SXG892724,Kazio
JXK921628,Golf Club
KXP577226,Golf Club
BXD491414,Mybuzz
BXS958224,Golf Club
MXN514789,Golf Club
JXC400301,Mybuzz
LXS870654,Mybuzz
KXB414527,Mybuzz
MXB774204,Mybuzz
DXC299253,Mybuzz
FXD974816,Mybuzz
LXC347646,Mybuzz
RXD418547,Leexo
WXP259679,Innojam
LXG642340,Youtagses
MXC406043,Camidon
EXR737018,Kayveo
AXT933257,Tagchat
LXK995573,Thoughtstormed
VXS351861,Edgeclub
RXD439356,Pixonyx
AXS537604,Gigashots
CXS582943,Ntag
NXB794030,Digitube
MXE797916,Brainlounge
MXA116184,Aibox
RXB793710,Skyndun
JXB837362,Linkbridge
TXB924513,Yacero
AXB246561,Flipbug
JXC145152,Abata
CXB566883,Plajo
PXD825065,Chatterbridge
SXG654474,Eazzy
FXL460678,Teklist
RXL171710,Flashset
SXG401379,Livetube
SXM969570,Yata
CXC739049,Avaveo
NXR881365,Youfeed
BXE474867,Voonder
SXE225470,Eamia
DXD750887,Gigaclub
JXT697537,Quamba
JXI887269,Gigashots
CXF693232,Ntag
CXH255240,Digitube
NXL319138,Brainlounge
KXF499034,Aibox
EXS379011,Skyndun
PXG293501,Linkbridge
DXC732860,Yacero
MXW898796,Flipbug
BXD630401,Abata
DXR168981,Plajo
MXF725418,Chatterbridge
CXB864071,Eazzy
KXD216814,Teklist
HXN998199,Flashset
AXS629189,Livetube
EXV572694,Yata
DXH297237,Avaveo
AXL419045,Youfeed
MXF811441,Voonder
MXL837870,Eamia
FXH550195,Gigaclub
HXH580586,Quamba
DXO683984,Gigashots
FXB345624,Ntag
KXK171712,Digitube
MXR273717,Camidon
AXC959798,Kayveo
FXC145157,Tagchat
JXM955960,Thoughtstormed
OXF804673,Edgeclub
AXT578768,Pixonyx
MXE765427,Leexo
RXP456254,Topicware
LXE101016,Shufflesters
PXS567105,Demivee
CXA723852,Mybuzz
TXS590353,Yadel
FXG789213,Buzzster
EXG286688,Kwilith
CXD763012,Babbleset
DXK638947,Fatz
TXB128470,Dabshot
FXS704192,Yato
PXK514723,Fatzx
GXS283305,Youspanz
AXH600307,Skinte
DXS547436,Jaloo
GXO781399,Roombobo
EXL881063,Quatz
MXW295587,Skiptubes
LXJ102671,Cogidoo
PXC729537,Thoughtmix
CXE938544,Flipstorm
CXG547342,Gigashot
GXS875788,Devshare
NXP108790,Devshare
CXS905890,Devshare
TXB472450,Devshare
HXF754901,Devshare
CXG376090,Skipstorm
JXS637137,Skipstorm
DXC261516,Oozz
FXS128603,Oozz
GXC129804,Pixonyx
RXM768560,Pixonyx
TXS377835,Pixonyx
KXF102115,Pixonyx
WXJ892494,Pixonyx
RXR384536,Pixonyx
JXK269076,Pixonyx
GXM852668,Pixonyx
DXW626854,Pixonyx
CXE568098,Kazio
FXD241516,Jayo
HXC122126,Quaxo
CXG317101,Fatzxc
EXP614923,Layo
GXT683346,Devpointed
EXB358450,Flashpoint
DXP255405,Dabfeed
DXS857790,Blogtags
RXD676999,Midel
LXC919372,Eamiao
SXM249051,Camido
MXA342073,Riffpath
RXC782790,Zoonoodle
MXL531929,Demizz
DXA263991,Livepath
AXR802795,Kats
JXA919323,Oyoyo
GXd140687,Tagpad
GXB153297,Kwimbee
NXM511959,Fliptune
CXT465927,Ozu
TXI801993,Laz
EXG504728,Jamia
ZXD223615,Lazz
CXL225973,Kwimbeem
JXL748540,Skaboo
JXE305274,Avambam
TXS464054,Avambam
MXF229827,Avambam
VXB982710,Avambam
MXM739271,Yakidoo
CXL659428,Fanoodle
GXB925781,Fanoodle
WXD294241,Fanoodle
IXF323426,Kazion
EXW726702,Kazion
KXH234820,Kazion
GXP446630,Fanoodle
PXR260854,Kazion
AXS689210,Kazion
LXI606604,Kazion
HXO575828,Fanoodle
JXB101073,Kazion
EXH677814,Avambam
GXB578688,Shufflester
IXE914199,Pixopen
TXM745809,Skipstorm
CXP217228,Tazz
KXG764274,Zoombeat
DXH872376,Tagopia
MXC405914,Miboo
PXB603600,Bluejam
DXS668069,Fivebridge
FXG299891,Riffpedia
CXP613279,Babbleblab
RXM697772,Cogidoon
MXG171654,Gabvines
BXS829107,Avavee
FXK866832,Trunyx
JXL905067,Quatz Club
CXF427275,Pixonyx
JXG400491,Leexo
CXG919353,Innojam
IXB574801,Youtagses
CXJ355443,Camidon
EXO870338,Kayveo
HXL381920,Twitterbridge
HXL763776,Zoomdog
EXB130417,Gigazoom
AXG145301,Blogspan
PXB234215,Vinte
CXC816539,Realcube
BXZ410250,Katz
KXT446039,Zooxo
AXS496110,Jayo
TXH308879,Quaxo
EXM472285,Fatzxc
MXA521701,Layo
SXM188217,Devpointed
FXB875564,Flashpoint
EXW863748,Dabfeed
NXR705417,Blogtags
KXE978453,Midel
VXV509015,Eamiao
CXD884052,Camido
CXM345603,Riffpath
RXW395869,Zoonoodle
JXD626494,Demizz
RXD916663,Livepath
IXB632707,Kats
MXC224532,Oyoyo
DXM582316,Tagpad
JXC513203,Kwimbee
KXC695286,Fliptune
PXC693174,Ozu
KXS319594,Laz
DXA285356,Jamia
MXS112866,Lazz
BXM955960,Kwimbeem
DXB584371,Skaboo
MXI997191,Twitterbridge
AXS249737,Topiclounge
BXE314736,Quimba
MXC635212,Rhyloo
RXC825811,Bubbletube
BXD614662,Mydeo
CXH449942,Mudo
SXA641123,Flipopia
RXR116376,Realpoint
CXM990501,Devbug
NXP130793,Photospace
OXL366396,Zoombox
TXS858404,Wrestling Club
RXH195213,Oyonder
NXA881579,Skiptube
TXF872018,Snaptags
KXB643470,Mydeon
BXT816296,Jazzy
BXS741242,Gigaclubbing
TXT528434,Skipfire
LXD768668,Jabbertype
BXK376735,Mynte
TXW951031,Oyope
JXC782048,Brainbox
CXM545686,Skimia
KXS645913,Riffpaths
RXM558307,Roombo
AXW589734,Avamba
AXL596192,Jayod
MXK165519,Gigashon
FXM117788,Thoughtblab
DXE970314,Skyndu
GXE852445,Jayop
JXV490171,Flashspan
CXL115644,Thoughtstorm
MXD832892,Skalith
WXO328667,Edgeblab
TXN460300,Fiveclub
YXO774677,Yodo
GXW522086,Meedoo
BXA124586,Tagpads
SXJ826054,Shuffledrive
DXF227047,Pixoboo
CXD425761,Browseblab
FXH688076,Eire
AXB884085,Oyondered
SXG664502,Bubblebox
GXM892115,Rhybox
NXB508369,Skynoodle
SXH331235,Kaymbo
SXR605473,Plajon
CXS901127,Bubblemix
MXR354055,Bubbletubes
RXD462166,Yombu
GXM769712,Nlounge
DXG686523,Mydo
LXV859623,Gabvine
MXL146924,Topiclounge
DXD503865,Quimba
JXR224976,Rhyloo
KXP778273,Bubbletube
NXD814035,Mydeo
WXC785418,Mudo
AXD108319,Flipopia
JXM703501,Realpoint
KXE899731,Devbug
MXB662135,Photospace
OXS464950,Zoombox
GXH751542,Wrestling Club
FXD691349,Oyonder
LXC974452,Skiptube
GXI272677,Snaptags
MXG262547,Mydeon
WXF835260,Jazzy
PXB466414,Gigaclubbing
OXD853775,Skipfire
AXW942971,Jabbertype
BXT230392,Mynte
MXH604898,Oyope
FXB414114,Brainbox
OXP245894,Skimia
CXI944397,Riffpaths
JXT355008,Roombo
FXD231805,Avamba
KXH739787,Jayod
BXD185253,Gigashon
LXS578772,Thoughtblab
OXF580740,Skyndu
FXR905200,Jayop
CXL978456,Flashspan
EXL400203,Thoughtstorm
CXJ470024,Skalith
AXT439692,Edgeblab
AXR887871,Fiveclub
NXR202362,Yodo
DXT767051,Meedoo
BXB720058,Tagpads
EXS668578,Shuffledrive
BXA113432,Pixoboo
GXE933125,Browseblab
KXK811220,Eire
FXP212759,Oyondered
JXK879948,Bubblebox
DXH697790,Rhybox
HXC802252,Skynoodle
RXE709772,Kaymbo
SXV989871,Plajon
CXC785597,Bubblemix
FXH724678,Bubbletubes
DXM851959,Yombu
KXL684487,Nlounge
CXF563016,Mydo
MXW354457,Gabvine
WXB897477,Topiclounge
AXK595637,Quimba
EXG305938,Rhyloo
RXR333904,Bubbletube
SXD281170,Mydeo
DXB437707,Mudo
MXP880649,Flipopia
CXB547373,Realpoint
SXM346898,Devbug
TXB661969,Photospace
MXQ840332,Zoombox
SXA356598,Wrestling Club
WXS812269,Oyonder
YXL573349,Skiptube
OXB874688,Snaptags
RXD843213,Mydeon
LXH897791,Jazzy
NXR216196,Gigaclubbing
AXM110648,Skipfire
IXJ384352,Jabbertype
CXE823925,Mynte
AXD198567,Oyope
TXB933781,Brainbox
GXC234957,Skimia
BXR435758,Riffpaths
EXC749149,Roombo
EXB202415,Avamba
HXW870830,Jayod
DXK613236,Gigashon
CXA993027,Thoughtblab
AXR609247,Skyndu
LXC648159,Jayop
GXB937443,Flashspan
BXB787376,Thoughtstorm
GXM385964,Skalith
GXK396454,Edgeblab
EXD467941,Fiveclub
JXW758947,Yodo
KXK446880,Meedoo
RXS363826,Tagpads
EXG164896,Shuffledrive
DXY237649,Pixoboo
WXS902193,Browseblab
BXU823713,Eire
EXB933714,Oyondered
KXF746021,Bubblebox
NXA352789,Rhybox
DXM241039,Skynoodle
JXM192222,Kaymbo
OXP874545,Plajon
CXD405293,Bubblemix
MXS154978,Bubbletubes
BXC218246,Yombu
BXP635836,Nlounge
JXC357001,Mydo
CXB594674,Gabvine
TXJ895359,Gabvine
BXG402395,Gabvine
AXD738555,Gabvine
AXC144999,Gabvine
NXT348964,Oyonder
LXL599615,Oyonder
MXW611042,Oyonder
BXS256356,Oyonder
ZXD326071,Oyonder
JXC712472,Oyonder
TXC514371,Oyonder
LXH914815,Oyonder
SXM406661,Oyonder
DXG693961,Bubbletubes
TXS427096,Bubbletubes
LXL296260,Bubbletubes
KXG825051,Bubbletubes
JXR141363,Bubbletubes
VXB172970,Jazzy
TXA409986,Jazzy
KXT474845,Jazzy
HXR434280,Jazzy
GXC680566,Jazzy
MXA561933,Jazzy
SXC676802,Jazzy
GXH310242,Jazzy
MXD953385,Jazzy
OXB918898,Gigashon
EXW119323,Gigashon
JXL829136,Gigashon
CXG395354,Gigashon
WXF389725,Gigashon
TXM496753,Gigashon
HXI451399,Gigashon
AXL271021,Gigashon
QXM668307,Gigashon
VXG939754,Gigashon
AXU428945,Oyondered
EXW672642,Gigashon
SXE965217,Gigashon
AXP603768,Gigashon
HXS338434,Gigashon
JXS826313,Gigashon
AXT253215,Gigashon
GXF872040,Gigashon
AXM371118,Gigashon
CXA514013,Gigashon
CXH583325,Gigashon
AXJ515986,Realpoint
DXB212162,Realpoint
MXD185698,Realpoint
IXW109499,Realpoint
GXM647454,Realpoint
TXS173172,Realpoint
FXB596257,Bubbletubes